ID,Name,FIPS,STATE,Re_median,Re_2.5pct,Re_97.5pct,totalcases
1,Autauga County AL,01001,01,0.99,0.82,1.22,647
2,Baldwin County AL,01003,01,1.53,1.22,1.8,1041
7,Butler County AL,01013,01,1,0.81,1.18,642
8,Calhoun County AL,01015,01,1.99,1.75,2.23,405
9,Chambers County AL,01017,01,1.06,0.89,1.34,655
17,Colbert County AL,01033,01,1.33,1.09,1.65,442
22,Cullman County AL,01043,01,1.33,1.08,1.6,502
24,Dallas County AL,01047,01,0.77,0.61,0.89,920
25,DeKalb County AL,01049,01,1.2,1.04,1.39,792
26,Elmore County AL,01051,01,1.01,0.68,1.37,976
27,Escambia County AL,01053,01,1.35,1.23,1.5,441
28,Etowah County AL,01055,01,1.17,0.82,1.49,835
30,Franklin County AL,01059,01,0.91,0.75,1.13,911
35,Houston County AL,01069,01,1.32,1.05,1.56,545
37,Jefferson County AL,01073,01,0.78,0.33,1.37,5687
39,Lauderdale County AL,01077,01,0.92,0.56,1.29,515
41,Lee County AL,01081,01,0.81,0.25,1.19,1471
42,Limestone County AL,01083,01,1.02,0.65,1.34,527
43,Lowndes County AL,01085,01,1.45,1.2,1.68,479
45,Madison County AL,01089,01,1.29,0.9,1.74,1646
48,Marshall County AL,01095,01,0.79,0.43,1.08,1818
49,Mobile County AL,01097,01,1.02,0.67,1.34,4316
51,Montgomery County AL,01101,01,1.1,0.76,1.45,4275
52,Morgan County AL,01103,01,1.09,0.77,1.41,1162
55,Pike County AL,01109,01,1.05,0.83,1.27,452
57,Russell County AL,01113,01,1.08,0.82,1.4,590
58,St. Clair County AL,01115,01,1.54,1.23,1.78,441
59,Shelby County AL,01117,01,1.18,0.76,1.61,1414
62,Tallapoosa County AL,01123,01,0.97,0.74,1.2,609
63,Tuscaloosa County AL,01125,01,0.93,0.61,1.2,2393
64,Walker County AL,01127,01,1.18,0.91,1.39,1021
70,Anchorage Municipality AK,02020,02,1.61,1.17,1.91,597
97,Apache County AZ,04001,04,1.32,1.2,1.41,2500
98,Cochise County AZ,04003,04,1.2,1.05,1.32,886
99,Coconino County AZ,04005,04,1.25,1.2,1.3,2255
104,Maricopa County AZ,04013,04,1.04,0.57,1.51,70127
105,Mohave County AZ,04015,04,1.52,1.38,1.65,1509
106,Navajo County AZ,04017,04,0.89,0.78,1,4089
107,Pima County AZ,04019,04,1.01,0.65,1.41,10485
108,Pinal County AZ,04021,04,1.11,0.81,1.39,4961
109,Santa Cruz County AZ,04023,04,0.66,0.49,0.85,2062
110,Yavapai County AZ,04025,04,1.52,1.35,1.69,1032
111,Yuma County AZ,04027,04,0.85,0.67,0.97,7777
115,Benton County AR,05007,05,0.62,0.12,1.04,3168
127,Craighead County AR,05031,05,1.1,0.83,1.44,498
129,Crittenden County AR,05035,05,0.85,0.64,1.08,800
134,Faulkner County AR,05045,05,1.29,0.99,1.59,650
141,Hot Spring County AR,05059,05,1.49,1.32,1.69,651
146,Jefferson County AR,05069,05,1.7,1.49,1.89,784
150,Lee County AR,05077,05,0.91,0.66,1.2,818
151,Lincoln County AR,05079,05,0.72,0.5,0.88,1045
169,Pope County AR,05115,05,1.38,1.14,1.64,562
171,Pulaski County AR,05119,05,0.99,0.69,1.38,2611
173,St. Francis County AR,05123,05,1.19,1.02,1.33,895
174,Saline County AR,05125,05,1.55,1.26,1.81,404
177,Sebastian County AR,05131,05,0.77,0.13,1.19,649
178,Sevier County AR,05133,05,1.09,0.91,1.23,769
183,Washington County AR,05143,05,0.68,0.43,0.94,4266
186,Yell County AR,05149,05,1,0.76,1.28,783
187,Alameda County CA,06001,06,1.26,0.62,1.79,7277
193,Contra Costa County CA,06013,06,1.39,0.84,1.9,4241
196,Fresno County CA,06019,06,1.55,1.16,1.85,7282
199,Imperial County CA,06025,06,1.03,0.81,1.2,7464
201,Kern County CA,06029,06,1.45,1.11,1.7,5759
202,Kings County CA,06031,06,1.32,0.96,1.57,2823
205,Los Angeles County CA,06037,06,1.34,0.75,1.79,123255
206,Madera County CA,06039,06,1.79,1.54,1.94,858
207,Marin County CA,06041,06,1.14,0.66,1.47,3233
210,Merced County CA,06047,06,1.51,1.22,1.74,1623
213,Monterey County CA,06053,06,1.45,1.14,1.73,2270
214,Napa County CA,06055,06,1.44,1.11,1.73,454
216,Orange County CA,06059,06,1.65,1.04,2.22,20224
217,Placer County CA,06061,06,1.37,0.97,1.72,977
219,Riverside County CA,06065,06,1.39,0.96,1.7,21957
220,Sacramento County CA,06067,06,1.31,0.68,1.88,4776
222,San Bernardino County CA,06071,06,1.53,1.28,1.77,16586
223,San Diego County CA,06073,06,0.88,0.41,1.45,17840
224,San Francisco County CA,06075,06,1.12,0.5,1.84,4089
225,San Joaquin County CA,06077,06,1.83,1.33,2.22,5993
226,San Luis Obispo County CA,06079,06,1.37,1.02,1.73,846
227,San Mateo County CA,06081,06,0.92,0.4,1.46,3743
228,Santa Barbara County CA,06083,06,1.52,1.22,1.91,3838
229,Santa Clara County CA,06085,06,0.86,0.36,1.3,5554
230,Santa Cruz County CA,06087,06,1.33,1,1.81,503
234,Solano County CA,06095,06,1.91,1.49,2.36,1922
235,Sonoma County CA,06097,06,1.03,0.56,1.6,1492
236,Stanislaus County CA,06099,06,1.48,1.15,1.82,3004
240,Tulare County CA,06107,06,1.28,0.93,1.56,5298
242,Ventura County CA,06111,06,0.97,0.34,1.36,3859
243,Yolo County CA,06113,06,1.39,1.09,1.62,760
245,Adams County CO,08001,08,1.53,1.14,1.98,4546
247,Arapahoe County CO,08005,08,1.18,0.67,1.62,5459
251,Boulder County CO,08013,08,1.11,0.75,1.47,1466
261,Denver County CO,08031,08,1.17,0.65,1.54,7563
263,Douglas County CO,08035,08,1.04,0.66,1.5,1056
264,Eagle County CO,08037,08,1.32,1.11,1.49,746
266,El Paso County CO,08041,08,1.17,0.79,1.52,2751
275,Jefferson County CO,08059,08,1.44,1.02,1.83,2887
280,Larimer County CO,08069,08,1.66,1.36,1.93,845
283,Logan County CO,08075,08,1.06,0.85,1.15,640
289,Morgan County CO,08087,08,0.92,0.75,1.1,657
296,Pueblo County CO,08101,08,1.18,0.92,1.5,419
307,Weld County CO,08123,08,1.17,0.95,1.52,2912
309,Fairfield County CT,09001,09,1.07,0.61,1.45,16900
310,Hartford County CT,09003,09,1.11,0.64,1.49,11835
311,Litchfield County CT,09005,09,1.2,0.9,1.6,1517
312,Middlesex County CT,09007,09,1.15,0.63,1.53,1337
313,New Haven County CT,09009,09,1.08,0.49,1.69,12486
314,New London County CT,09011,09,1.03,0.68,1.35,1423
315,Tolland County CT,09013,09,1.18,0.81,1.62,935
316,Windham County CT,09015,09,0.54,0.16,0.84,632
317,Kent County DE,10001,10,1.34,0.98,1.64,1790
318,New Castle County DE,10003,10,1.04,0.48,1.45,5583
319,Sussex County DE,10005,10,1.3,0.97,1.48,5007
320,District of Columbia DC,11001,11,1.58,0.86,2.2,10642
321,Alachua County FL,12001,12,1,0.6,1.51,1823
323,Bay County FL,12005,12,1.67,1.45,1.86,882
325,Brevard County FL,12009,12,0.67,0.17,1.08,2814
326,Broward County FL,12011,12,1.2,0.81,1.68,23781
328,Charlotte County FL,12015,12,1.04,0.66,1.51,975
329,Citrus County FL,12017,12,1.5,1.16,1.83,458
330,Clay County FL,12019,12,1.58,1.18,1.93,1167
331,Collier County FL,12021,12,0.95,0.49,1.26,5433
333,DeSoto County FL,12027,12,1.01,0.83,1.18,775
335,Duval County FL,12031,12,0.89,0.27,1.32,10447
336,Escambia County FL,12033,12,1.13,0.79,1.44,3188
337,Flagler County FL,12035,12,1.5,1.17,1.83,424
339,Gadsden County FL,12039,12,1.68,1.43,1.85,482
343,Hamilton County FL,12047,12,1.52,1.37,1.69,406
344,Hardee County FL,12049,12,1.03,0.86,1.17,536
345,Hendry County FL,12051,12,1.04,0.87,1.21,1130
346,Hernando County FL,12053,12,1.41,0.94,1.71,665
347,Highlands County FL,12055,12,1.12,0.89,1.36,508
348,Hillsborough County FL,12057,12,1.01,0.51,1.38,16101
350,Indian River County FL,12061,12,0.96,0.55,1.3,994
351,Jackson County FL,12063,12,2.07,1.82,2.27,534
354,Lake County FL,12069,12,1.06,0.74,1.44,2087
355,Lee County FL,12071,12,0.93,0.47,1.45,8126
356,Leon County FL,12073,12,1.36,1.02,1.76,1962
360,Manatee County FL,12081,12,1.47,1.04,1.71,4080
361,Marion County FL,12083,12,1.46,1.08,1.81,1113
362,Martin County FL,12085,12,0.94,0.53,1.28,2503
363,Miami-Dade County FL,12086,12,0.89,0.3,1.55,53974
364,Monroe County FL,12087,12,1.7,1.45,1.98,432
366,Okaloosa County FL,12091,12,1.01,0.68,1.33,969
367,Okeechobee County FL,12093,12,0.95,0.7,1.15,456
368,Orange County FL,12095,12,0.64,0.1,1.18,15194
369,Osceola County FL,12097,12,0.93,0.58,1.17,3305
370,Palm Beach County FL,12099,12,1.12,0.6,1.7,18231
371,Pasco County FL,12101,12,1.05,0.48,1.6,3193
372,Pinellas County FL,12103,12,0.72,0.18,1.25,9395
373,Polk County FL,12105,12,0.96,0.59,1.36,5895
374,Putnam County FL,12107,12,1.45,1.22,1.65,595
375,St. Johns County FL,12109,12,1.03,0.6,1.32,1523
376,St. Lucie County FL,12111,12,1.25,0.86,1.57,2435
377,Santa Rosa County FL,12113,12,1.63,1.42,1.82,999
378,Sarasota County FL,12115,12,0.91,0.48,1.36,2335
379,Seminole County FL,12117,12,0.51,0.05,1.31,3654
380,Sumter County FL,12119,12,2.46,2.09,2.67,522
381,Suwannee County FL,12121,12,1.21,1.02,1.38,694
384,Volusia County FL,12127,12,1.06,0.65,1.33,3070
392,Baldwin County GA,13009,13,1.58,1.3,1.87,620
394,Barrow County GA,13013,13,1.04,0.63,1.47,599
395,Bartow County GA,13015,13,1.5,1.23,1.81,845
398,Bibb County GA,13021,13,1.72,1.45,2,1507
403,Bulloch County GA,13031,13,1.06,0.82,1.26,548
409,Carroll County GA,13045,13,2.33,2.04,2.59,932
412,Chatham County GA,13051,13,0.95,0.43,1.36,2069
413,Chattahoochee County GA,13053,13,0.69,0.48,0.85,436
415,Cherokee County GA,13057,13,1.33,0.97,1.69,1593
416,Clarke County GA,13059,13,1.51,1.24,1.85,811
418,Clayton County GA,13063,13,1.17,0.72,1.65,2519
420,Cobb County GA,13067,13,1.08,0.53,1.47,6256
421,Coffee County GA,13069,13,1.08,0.85,1.25,670
422,Colquitt County GA,13071,13,1.21,1.08,1.36,1182
423,Columbia County GA,13073,13,1.41,0.97,1.79,691
425,Coweta County GA,13077,13,1.08,0.52,1.4,813
431,DeKalb County GA,13089,13,1.12,0.58,1.51,7362
434,Dougherty County GA,13095,13,1.94,1.65,2.22,2082
435,Douglas County GA,13097,13,1.3,0.98,1.73,1231
443,Fayette County GA,13113,13,1.76,1.43,2.17,482
444,Floyd County GA,13115,13,1.37,1.07,1.69,654
445,Forsyth County GA,13117,13,1.29,0.72,1.67,1049
447,Fulton County GA,13121,13,1.15,0.57,1.55,9380
450,Glynn County GA,13127,13,1.07,0.84,1.3,1338
451,Gordon County GA,13129,13,1.02,0.7,1.28,473
454,Gwinnett County GA,13135,13,0.76,0.02,1.31,10240
455,Habersham County GA,13137,13,1.14,0.87,1.47,741
456,Hall County GA,13139,13,1.47,1.03,1.8,3573
459,Harris County GA,13145,13,1.11,0.83,1.4,408
462,Henry County GA,13151,13,1.26,0.72,1.64,1588
463,Houston County GA,13153,13,1.5,1.03,1.78,859
465,Jackson County GA,13157,13,1.33,1.09,1.66,471
475,Lee County GA,13177,13,1.36,1.13,1.55,427
479,Lowndes County GA,13185,13,1.79,1.48,1.99,1700
488,Mitchell County GA,13205,13,1.14,0.95,1.39,487
493,Muscogee County GA,13215,13,1.16,0.82,1.51,2344
494,Newton County GA,13217,13,1.28,0.84,1.68,784
497,Paulding County GA,13223,13,1.34,0.87,1.73,767
508,Richmond County GA,13245,13,1.5,1.16,1.85,1392
509,Rockdale County GA,13247,13,1.48,1.07,1.92,609
513,Spalding County GA,13255,13,1.63,1.18,1.98,523
516,Sumter County GA,13261,13,1.19,0.95,1.36,598
523,Thomas County GA,13275,13,1.68,1.45,1.96,536
524,Tift County GA,13277,13,0.85,0.58,1.09,908
528,Troup County GA,13285,13,0.64,0.25,0.88,1685
534,Walton County GA,13297,13,1.7,1.35,1.98,501
535,Ware County GA,13299,13,1.32,1.17,1.43,557
542,Whitfield County GA,13313,13,1.21,0.94,1.55,1523
548,Honolulu County HI,15003,15,1.58,1.12,2.06,811
552,Ada County ID,16001,16,1.44,0.94,1.82,3436
558,Blaine County ID,16013,16,0.88,0.72,1.05,545
565,Canyon County ID,16027,16,1.29,0.9,1.62,1562
579,Kootenai County ID,16055,16,1.72,1.43,2.02,508
593,Twin Falls County ID,16083,16,1.79,1.64,1.96,758
599,Boone County IL,17007,17,1.29,0.92,1.67,626
605,Champaign County IL,17019,17,1.36,0.95,1.75,994
611,Cook County IL,17031,17,0.76,0.09,1.28,93494
614,DeKalb County IL,17037,17,1.39,1.08,1.75,600
617,DuPage County IL,17043,17,1.03,0.32,1.61,9454
640,Kane County IL,17089,17,0.98,0.24,1.45,7950
641,Kankakee County IL,17091,17,0.78,0.4,1.15,1337
642,Kendall County IL,17093,17,1.32,0.96,1.72,1013
644,Lake County IL,17097,17,0.98,0.35,1.5,10104
651,McHenry County IL,17111,17,1.53,1.03,1.87,2179
655,Madison County IL,17119,17,1.05,0.58,1.47,1077
667,Peoria County IL,17143,17,1.43,1.05,1.79,587
676,Rock Island County IL,17161,17,1.34,0.91,1.66,1095
677,St. Clair County IL,17163,17,0.96,0.53,1.31,2091
679,Sangamon County IL,17167,17,1.68,1.28,2.08,476
694,Will County IL,17197,17,1.09,0.68,1.54,7061
696,Winnebago County IL,17201,17,0.83,0.54,1.22,3131
699,Allen County IN,18003,18,0.89,0.51,1.24,2835
700,Bartholomew County IN,18005,18,1.01,0.62,1.37,593
703,Boone County IN,18011,18,1.12,0.76,1.46,463
706,Cass County IN,18017,18,1.51,1.29,1.72,1653
707,Clark County IN,18019,18,1.46,1.07,1.81,670
715,Delaware County IN,18035,18,0.33,0.12,0.78,456
717,Elkhart County IN,18039,18,1.08,0.45,1.37,3402
726,Hamilton County IN,18057,18,1.51,1.1,2.01,1632
727,Hancock County IN,18059,18,1.24,0.95,1.55,470
729,Hendricks County IN,18063,18,1.09,0.74,1.43,1426
731,Howard County IN,18067,18,1.22,0.92,1.53,585
733,Jackson County IN,18071,18,1.21,0.94,1.5,477
738,Johnson County IN,18081,18,1.5,1.16,1.9,1298
740,Kosciusko County IN,18085,18,0.92,0.61,1.35,563
741,LaGrange County IN,18087,18,0.55,0.18,0.86,478
742,Lake County IN,18089,18,0.8,0.38,1.24,5276
743,LaPorte County IN,18091,18,1.54,1.18,1.92,588
745,Madison County IN,18095,18,1.64,1.13,1.95,668
746,Marion County IN,18097,18,1.11,0.58,1.62,11770
747,Marshall County IN,18099,18,1.16,0.96,1.46,510
754,Noble County IN,18113,18,0.98,0.71,1.19,488
761,Porter County IN,18127,18,1.77,1.47,2.14,767
768,St. Joseph County IN,18141,18,1.19,0.65,1.6,2001
770,Shelby County IN,18145,18,0.72,0.41,1.04,435
776,Tippecanoe County IN,18157,18,1,0.44,1.43,735
779,Vanderburgh County IN,18163,18,1.83,1.4,2.23,591
796,Black Hawk County IA,19013,19,1.36,1.02,1.69,2356
800,Buena Vista County IA,19021,19,1.27,0.95,1.77,1727
813,Crawford County IA,19047,19,0.95,0.76,1.2,681
814,Dallas County IA,19049,19,1.14,0.87,1.38,1300
820,Dubuque County IA,19061,19,1.73,1.45,1.95,774
841,Johnson County IA,19103,19,1.01,0.77,1.3,1369
846,Linn County IA,19113,19,1.09,0.71,1.38,1325
853,Marshall County IA,19127,19,1.18,0.99,1.43,1063
859,Muscatine County IA,19139,19,1.36,1.09,1.63,678
866,Polk County IA,19153,19,1.11,0.66,1.51,6827
867,Pottawattamie County IA,19155,19,0.86,0.5,1.12,760
871,Scott County IA,19163,19,1.44,1.19,1.82,884
873,Sioux County IA,19167,19,0.98,0.76,1.19,492
874,Story County IA,19169,19,0.63,0.25,0.98,821
875,Tama County IA,19171,19,1.15,0.97,1.37,477
879,Wapello County IA,19179,19,0.9,0.63,1.15,717
886,Woodbury County IA,19193,19,1.22,0.92,1.41,3264
916,Finney County KS,20055,20,1.33,1.11,1.59,1586
917,Ford County KS,20057,20,1,0.89,1.16,1965
934,Johnson County KS,20091,20,1.32,0.68,1.84,2491
940,Leavenworth County KS,20103,20,0.69,0.31,0.99,1196
944,Lyon County KS,20111,20,1.09,0.9,1.31,523
975,Sedgwick County KS,20173,20,1.08,0.7,1.61,1704
976,Seward County KS,20175,20,1.17,0.77,1.52,1052
977,Shawnee County KS,20177,20,1.62,1.26,1.88,895
993,Wyandotte County KS,20209,20,0.89,0.53,1.33,2700
1001,Boone County KY,21015,21,1.9,1.51,2.25,676
1023,Daviess County KY,21059,21,1.05,0.7,1.4,473
1027,Fayette County KY,21067,21,1.49,1.07,2.01,1701
1049,Jefferson County KY,21111,21,1.65,1.06,2.22,4339
1052,Kenton County KY,21117,21,1.44,0.95,1.82,854
1082,Muhlenberg County KY,21177,21,0.21,0.03,0.51,556
1099,Shelby County KY,21211,21,1.39,1.09,1.58,540
1107,Warren County KY,21227,21,1.13,0.8,1.53,1675
1114,Acadia Parish LA,22001,22,1.1,0.8,1.44,1105
1115,Allen Parish LA,22003,22,1.53,1.36,1.69,407
1116,Ascension Parish LA,22005,22,1.41,1.02,1.76,1443
1117,Assumption Parish LA,22007,22,1.29,1.09,1.46,406
1118,Avoyelles Parish LA,22009,22,1.28,1.1,1.43,424
1121,Bossier Parish LA,22015,22,1.25,0.81,1.64,1142
1122,Caddo Parish LA,22017,22,1.27,0.95,1.62,4048
1123,Calcasieu Parish LA,22019,22,1.57,1.34,1.81,2701
1129,De Soto Parish LA,22031,22,1.34,1.15,1.49,402
1130,East Baton Rouge Parish LA,22033,22,1.1,0.77,1.53,6475
1131,East Carroll Parish LA,22035,22,1.27,1.01,1.52,452
1134,Franklin Parish LA,22041,22,0.94,0.78,1.18,537
1136,Iberia Parish LA,22045,22,1.6,1.43,1.79,1104
1137,Iberville Parish LA,22047,22,1.33,1.08,1.55,799
1139,Jefferson Parish LA,22051,22,1.34,0.98,1.75,10454
1140,Jefferson Davis Parish LA,22053,22,1.29,1.17,1.39,527
1141,Lafayette Parish LA,22055,22,0.91,0.58,1.51,3174
1142,Lafourche Parish LA,22057,22,1.66,1.44,1.85,1401
1145,Livingston Parish LA,22063,22,1.32,1,1.59,1308
1146,Madison Parish LA,22065,22,1.13,0.98,1.28,401
1149,Orleans Parish LA,22071,22,1.3,0.92,1.61,8304
1150,Ouachita Parish LA,22073,22,0.99,0.67,1.32,2804
1153,Rapides Parish LA,22079,22,1.32,1.14,1.46,1824
1157,St. Bernard Parish LA,22087,22,1.27,1.07,1.49,674
1158,St. Charles Parish LA,22089,22,1.56,1.26,1.79,844
1160,St. James Parish LA,22093,22,1.55,1.34,1.81,421
1161,St. John the Baptist Parish LA,22095,22,1.37,1.15,1.67,1038
1162,St. Landry Parish LA,22097,22,1.43,1.17,1.66,925
1163,St. Martin Parish LA,22099,22,1.15,0.96,1.43,956
1164,St. Mary Parish LA,22101,22,1.63,1.41,1.82,632
1165,St. Tammany Parish LA,22103,22,1.59,1.34,1.75,2896
1166,Tangipahoa Parish LA,22105,22,1.67,1.42,1.9,1693
1168,Terrebonne Parish LA,22109,22,1.71,1.47,1.97,1372
1169,Union Parish LA,22111,22,1.02,0.87,1.2,517
1170,Vermilion Parish LA,22113,22,1.53,1.4,1.66,429
1172,Washington Parish LA,22117,22,1.18,0.93,1.4,765
1173,Webster Parish LA,22119,22,0.73,0.48,1.01,481
1178,Androscoggin County ME,23001,23,0.8,0.41,1.16,500
1180,Cumberland County ME,23005,23,0.63,0.03,1.05,1829
1193,York County ME,23031,23,1.21,0.91,1.48,560
1195,Anne Arundel County MD,24003,24,1.33,0.84,1.78,5342
1196,Baltimore County MD,24005,24,0.99,0.35,1.45,8487
1197,Calvert County MD,24009,24,1.1,0.56,1.5,432
1199,Carroll County MD,24013,24,1.06,0.64,1.45,1212
1200,Cecil County MD,24015,24,1.38,0.86,1.76,518
1201,Charles County MD,24017,24,1.32,0.96,1.72,1473
1203,Frederick County MD,24021,24,0.64,0.17,1.16,2556
1205,Harford County MD,24025,24,1.38,0.85,1.79,1210
1206,Howard County MD,24027,24,1.43,0.93,1.92,2795
1208,Montgomery County MD,24031,24,1.08,0.44,1.44,15400
1209,Prince George's County MD,24033,24,1.29,0.68,1.72,19285
1211,St. Mary's County MD,24037,24,1.45,1.11,1.89,687
1214,Washington County MD,24043,24,0.47,0.04,0.96,717
1215,Wicomico County MD,24045,24,1.14,0.75,1.53,1107
1217,Baltimore city MD,24510,24,0.83,0.3,1.44,8131
1218,Barnstable County MA,25001,25,0.9,0.45,1.47,1563
1219,Berkshire County MA,25003,25,1,0.56,1.45,609
1220,Bristol County MA,25005,25,0.81,0.26,1.24,8373
1222,Essex County MA,25009,25,1.02,0.57,1.26,16342
1224,Hampden County MA,25013,25,0.57,0.19,0.91,6903
1225,Hampshire County MA,25015,25,1.23,1.01,1.48,1024
1226,Middlesex County MA,25017,25,1.1,0.43,1.51,24300
1228,Norfolk County MA,25021,25,1.13,0.6,1.42,9339
1229,Plymouth County MA,25023,25,0.94,0.53,1.29,8765
1230,Suffolk County MA,25025,25,1.33,0.61,1.83,20120
1231,Worcester County MA,25027,25,0.95,0.56,1.29,12562
1240,Bay County MI,26017,26,1.14,0.78,1.59,423
1242,Berrien County MI,26021,26,1.69,1.13,1.99,955
1244,Calhoun County MI,26025,26,1.53,1.23,1.86,584
1256,Genesee County MI,26049,26,1.38,0.95,1.83,2860
1264,Ingham County MI,26065,26,0.99,0.57,1.34,1154
1269,Jackson County MI,26075,26,1.23,0.88,1.61,620
1270,Kalamazoo County MI,26077,26,1.32,1.01,1.7,1157
1272,Kent County MI,26081,26,1.26,0.78,1.56,5456
1278,Livingston County MI,26093,26,1.29,0.9,1.72,605
1281,Macomb County MI,26099,26,1.06,0.55,1.53,7670
1289,Monroe County MI,26115,26,1.6,1.12,1.96,655
1292,Muskegon County MI,26121,26,1.33,0.99,1.7,877
1294,Oakland County MI,26125,26,1.48,0.75,1.93,12408
1301,Ottawa County MI,26139,26,1.83,1.34,2.14,1190
1304,Saginaw County MI,26145,26,1.12,0.66,1.42,1356
1305,St. Clair County MI,26147,26,1.55,1.29,1.97,606
1312,Washtenaw County MI,26161,26,1.55,1.17,1.93,1826
1313,Wayne County MI,26163,26,1.52,0.83,1.99,23597
1316,Anoka County MN,27003,27,0.99,0.65,1.44,2294
1321,Blue Earth County MN,27013,27,1.47,1.21,1.69,511
1324,Carver County MN,27019,27,1.65,1.31,1.97,417
1328,Clay County MN,27027,27,1.02,0.75,1.37,612
1333,Dakota County MN,27037,27,1.27,0.83,1.56,2480
1341,Hennepin County MN,27053,27,0.93,0.43,1.47,12703
1348,Kandiyohi County MN,27067,27,1.6,1.33,1.89,582
1364,Mower County MN,27099,27,0.75,0.49,0.97,966
1367,Nobles County MN,27105,27,1.09,0.82,1.5,1674
1369,Olmsted County MN,27109,27,0.92,0.61,1.21,1168
1376,Ramsey County MN,27123,27,1.28,0.64,1.78,5013
1380,Rice County MN,27131,27,0.94,0.68,1.23,861
1384,Scott County MN,27139,27,1.54,1.17,1.88,783
1387,Stearns County MN,27145,27,1.77,1.47,2.05,2429
1391,Todd County MN,27153,27,1.26,0.98,1.46,402
1396,Washington County MN,27163,27,1.32,0.7,1.94,1163
1400,Wright County MN,27171,27,1.51,1.2,1.8,492
1416,Copiah County MS,28029,28,0.97,0.77,1.14,630
1418,DeSoto County MS,28033,28,0.93,0.58,1.29,1771
1419,Forrest County MS,28035,28,1.5,1.23,1.77,937
1423,Grenada County MS,28043,28,1.11,1.03,1.19,522
1425,Harrison County MS,28047,28,0.96,0.54,1.28,1015
1426,Hinds County MS,28049,28,0.64,0.15,0.98,2643
1427,Holmes County MS,28051,28,1.07,0.91,1.21,571
1431,Jackson County MS,28059,28,1.46,1.22,1.76,705
1435,Jones County MS,28067,28,1.19,0.93,1.39,1159
1437,Lafayette County MS,28071,28,1.16,0.88,1.36,420
1438,Lamar County MS,28073,28,1.24,0.93,1.58,500
1439,Lauderdale County MS,28075,28,1.48,1.21,1.86,938
1441,Leake County MS,28079,28,1.19,0.98,1.33,601
1442,Lee County MS,28081,28,1.01,0.68,1.39,584
1443,Leflore County MS,28083,28,0.9,0.66,1.15,507
1444,Lincoln County MS,28085,28,1.13,1.01,1.27,493
1445,Lowndes County MS,28087,28,1.04,0.76,1.26,517
1446,Madison County MS,28089,28,0.94,0.74,1.2,1356
1449,Monroe County MS,28095,28,1.54,1.32,1.75,435
1451,Neshoba County MS,28099,28,0.85,0.66,1.02,1032
1454,Oktibbeha County MS,28105,28,1.04,0.63,1.3,557
1458,Pike County MS,28113,28,1.28,1.04,1.56,469
1462,Rankin County MS,28121,28,1.19,0.82,1.45,999
1463,Scott County MS,28123,28,1.34,1.1,1.48,791
1468,Sunflower County MS,28133,28,1.26,1.18,1.35,440
1476,Warren County MS,28149,28,1.1,0.91,1.28,541
1477,Washington County MS,28151,28,1.26,1.13,1.37,629
1478,Wayne County MS,28153,28,1.23,1.07,1.38,553
1483,Yazoo County MS,28163,28,1.14,1.03,1.27,534
1493,Boone County MO,29019,29,1.41,1.07,1.66,483
1494,Buchanan County MO,29021,29,1.53,1.2,1.86,923
1507,Clay County MO,29047,29,0.86,0.44,1.37,528
1531,Jackson County MO,29095,29,1.48,0.79,1.93,1478
1532,Jasper County MO,29097,29,1.3,1.07,1.61,892
1533,Jefferson County MO,29099,29,1.21,0.69,1.65,581
1543,McDonald County MO,29119,29,1.91,1.74,2.07,672
1556,Newton County MO,29145,29,1.43,1.2,1.65,518
1575,St. Charles County MO,29183,29,1.54,1.08,2.03,1202
1579,St. Louis County MO,29189,29,1.45,0.96,1.96,7284
1598,St. Louis city MO,29510,29,0.67,0.01,1.18,2869
1673,Colfax County NE,31037,31,1.08,0.73,1.33,675
1676,Dakota County NE,31043,31,0.84,0.58,1.05,1800
1678,Dawson County NE,31047,31,1.18,0.93,1.39,867
1681,Dodge County NE,31053,31,0.76,0.45,1.07,700
1682,Douglas County NE,31055,31,0.96,0.25,1.54,7686
1694,Hall County NE,31079,31,1.15,0.83,1.55,1614
1709,Lancaster County NE,31109,31,1.88,1.48,2.15,1963
1725,Platte County NE,31141,31,1.22,0.98,1.47,683
1730,Saline County NE,31151,31,1.12,0.88,1.35,547
1731,Sarpy County NE,31153,31,0.79,0.33,1.28,1272
1749,Clark County NV,32003,32,0.93,0.48,1.5,20129
1762,Washoe County NV,32031,32,1.21,0.98,1.46,3374
1770,Hillsborough County NH,33011,33,0.78,0.25,1.11,3484
1771,Merrimack County NH,33013,33,0.89,0.53,1.18,425
1772,Rockingham County NH,33015,33,1.34,0.95,1.71,1505
1775,Atlantic County NJ,34001,34,0.41,0.05,0.81,2964
1776,Bergen County NJ,34003,34,0.57,0.08,1.07,19818
1777,Burlington County NJ,34005,34,0.97,0.5,1.35,5306
1778,Camden County NJ,34007,34,1.44,0.91,1.98,7575
1779,Cape May County NJ,34009,34,0.78,0.3,1.17,788
1780,Cumberland County NJ,34011,34,0.49,0,0.88,3030
1781,Essex County NJ,34013,34,0.77,0.18,1.15,18922
1782,Gloucester County NJ,34015,34,1.1,0.64,1.56,2691
1783,Hudson County NJ,34017,34,1.47,0.91,1.97,20485
1784,Hunterdon County NJ,34019,34,1.41,0.99,1.8,1091
1785,Mercer County NJ,34021,34,0.55,0.16,1.09,7758
1786,Middlesex County NJ,34023,34,0.86,0.34,1.37,16971
1787,Monmouth County NJ,34025,34,0.73,0.27,1.1,9362
1788,Morris County NJ,34027,34,1.71,1.17,2.2,6950
1789,Ocean County NJ,34029,34,0.99,0.59,1.24,9753
1790,Passaic County NJ,34031,34,0.96,0.54,1.32,16985
1791,Salem County NJ,34033,34,1.1,0.73,1.44,810
1792,Somerset County NJ,34035,34,1.06,0.67,1.49,4953
1793,Sussex County NJ,34037,34,0.92,0.57,1.32,1268
1794,Union County NJ,34039,34,0.83,0.69,1.64,16583
1795,Warren County NJ,34041,34,1.2,0.86,1.51,1266
1796,Bernalillo County NM,35001,35,1.46,1.02,1.76,2740
1803,Doa Ana County NM,35013,35,1.6,1.4,1.74,1292
1813,McKinley County NM,35031,35,0.84,0.75,0.96,3548
1819,Sandoval County NM,35043,35,1.22,1.02,1.45,807
1820,San Juan County NM,35045,35,1.16,1.03,1.27,2618
1829,Albany County NY,36001,36,1.43,0.96,1.94,2175
1831,Bronx County NY,36005,36,0.75,0.4,1,48076
1832,Broome County NY,36007,36,1.52,1.23,1.92,766
1839,Columbia County NY,36021,36,1.01,0.74,1.26,482
1842,Dutchess County NY,36027,36,0.54,0.06,1.01,4250
1843,Erie County NY,36029,36,1.14,0.65,1.63,7596
1852,Kings County NY,36047,36,0.65,0.2,1.07,60281
1856,Monroe County NY,36055,36,1.08,0.49,1.41,4047
1858,Nassau County NY,36059,36,0.87,0.36,1.35,42122
1859,New York County NY,36061,36,0.39,0,1.02,28920
1860,Niagara County NY,36063,36,1.46,1.08,1.77,1309
1861,Oneida County NY,36065,36,0.68,0.23,1.01,1776
1862,Onondaga County NY,36067,36,1.12,0.62,1.59,3096
1864,Orange County NY,36071,36,1.16,0.83,1.55,11142
1868,Putnam County NY,36079,36,1.19,0.84,1.53,1560
1869,Queens County NY,36081,36,0.63,0.16,1.04,66024
1870,Rensselaer County NY,36083,36,1.41,1.1,1.75,591
1871,Richmond County NY,36085,36,0.82,0.44,1.19,14225
1872,Rockland County NY,36087,36,1.26,0.84,1.62,13679
1874,Saratoga County NY,36091,36,1.39,0.97,1.77,594
1875,Schenectady County NY,36093,36,1.01,0.62,1.43,908
1880,Suffolk County NY,36103,36,1.08,0.42,1.66,41799
1881,Sullivan County NY,36105,36,0.64,0.36,0.91,1472
1884,Ulster County NY,36111,36,2,1.6,2.44,1921
1888,Westchester County NY,36119,36,1,0.44,1.39,35154
1891,Alamance County NC,37001,37,1.17,0.82,1.49,1365
1899,Bladen County NC,37017,37,1.2,0.92,1.54,411
1900,Brunswick County NC,37019,37,1.13,0.88,1.39,713
1901,Buncombe County NC,37021,37,1.58,1.29,2.03,738
1902,Burke County NC,37023,37,0.9,0.58,1.25,1140
1903,Cabarrus County NC,37025,37,0.79,0.24,1.3,1424
1904,Caldwell County NC,37027,37,1.2,0.97,1.43,546
1908,Catawba County NC,37035,37,1.3,0.98,1.59,1066
1909,Chatham County NC,37037,37,0.72,0.45,1.02,1001
1913,Cleveland County NC,37045,37,1.34,0.91,1.68,425
1914,Columbus County NC,37047,37,0.93,0.62,1.15,577
1915,Craven County NC,37049,37,1.04,0.75,1.45,415
1916,Cumberland County NC,37051,37,1.29,0.89,1.65,1484
1919,Davidson County NC,37057,37,0.86,0.48,1.16,1134
1921,Duplin County NC,37061,37,1.08,0.81,1.32,1620
1922,Durham County NC,37063,37,0.96,0.58,1.37,4214
1924,Forsyth County NC,37067,37,0.82,0.28,1.29,3453
1925,Franklin County NC,37069,37,1.04,0.77,1.34,419
1926,Gaston County NC,37071,37,1.08,0.61,1.44,1479
1929,Granville County NC,37077,37,1.15,0.87,1.37,970
1931,Guilford County NC,37081,37,1.09,0.65,1.51,3275
1933,Harnett County NC,37085,37,0.71,0.31,1.14,721
1935,Henderson County NC,37089,37,1.49,1.23,1.7,791
1937,Hoke County NC,37093,37,1.47,1.16,1.72,425
1939,Iredell County NC,37097,37,0.81,0.23,1.14,960
1941,Johnston County NC,37101,37,0.77,0.42,1.11,1825
1943,Lee County NC,37105,37,0.56,0.12,0.95,890
1944,Lenoir County NC,37107,37,0.97,0.64,1.3,405
1950,Mecklenburg County NC,37119,37,0.69,0,1.12,13490
1953,Moore County NC,37125,37,1,0.64,1.3,554
1954,Nash County NC,37127,37,1.01,0.64,1.35,575
1955,New Hanover County NC,37129,37,1.29,0.57,1.69,1325
1958,Orange County NC,37135,37,1.17,0.83,1.47,854
1964,Pitt County NC,37147,37,1.18,0.85,1.56,890
1966,Randolph County NC,37151,37,1.19,0.92,1.53,1353
1968,Robeson County NC,37155,37,1.51,1.28,1.79,1538
1970,Rowan County NC,37159,37,1.04,0.73,1.37,1387
1972,Sampson County NC,37163,37,0.62,0.36,0.89,1134
1974,Stanly County NC,37167,37,0.77,0.45,1.1,484
1976,Surry County NC,37171,37,1.04,0.71,1.36,540
1980,Union County NC,37179,37,1,0.64,1.38,1579
1981,Vance County NC,37181,37,0.85,0.49,1.03,537
1982,Wake County NC,37183,37,1.03,0.57,1.52,6471
1986,Wayne County NC,37191,37,0.9,0.42,1.27,1935
1987,Wilkes County NC,37193,37,1.44,1.04,1.83,600
1988,Wilson County NC,37195,37,1.39,1.16,1.62,865
1999,Cass County ND,38017,38,1.17,0.91,1.4,2373
2008,Grand Forks County ND,38035,38,1.41,1.15,1.68,412
2047,Ashtabula County OH,39007,39,0.96,0.6,1.3,444
2050,Belmont County OH,39013,39,1.18,0.95,1.51,555
2052,Butler County OH,39017,39,1.22,0.8,1.62,1674
2055,Clark County OH,39023,39,0.32,0.02,0.87,783
2056,Clermont County OH,39025,39,1.34,0.82,1.68,442
2058,Columbiana County OH,39029,39,0.7,0.57,1.32,1310
2061,Cuyahoga County OH,39035,39,1.21,0.85,1.59,8277
2064,Delaware County OH,39041,39,1.67,1.28,2.01,618
2066,Fairfield County OH,39045,39,1.5,1.13,1.71,608
2068,Franklin County OH,39049,39,1.16,0.47,1.65,10882
2071,Geauga County OH,39055,39,1.07,0.7,1.42,418
2074,Hamilton County OH,39061,39,0.9,0.22,1.46,6287
2086,Lake County OH,39085,39,1.71,1.25,2.06,529
2088,Licking County OH,39089,39,1.75,1.35,2.07,523
2090,Lorain County OH,39093,39,1.26,0.81,1.69,1065
2091,Lucas County OH,39095,39,1.67,1.14,2.01,2836
2093,Mahoning County OH,39099,39,1.3,0.83,1.65,1862
2094,Marion County OH,39101,39,1.31,1.09,1.52,2739
2095,Medina County OH,39103,39,1.74,1.36,2.16,549
2098,Miami County OH,39109,39,1.42,1.13,1.89,475
2100,Montgomery County OH,39113,39,1.28,0.61,1.72,2201
2108,Pickaway County OH,39129,39,1.18,0.92,1.43,2223
2110,Portage County OH,39133,39,1.51,1,1.94,469
2119,Stark County OH,39151,39,1.23,0.75,1.72,1156
2120,Summit County OH,39153,39,1.41,0.94,1.87,2241
2121,Trumbull County OH,39155,39,1.16,0.73,1.58,998
2122,Tuscarawas County OH,39157,39,1.39,1.13,1.82,586
2126,Warren County OH,39165,39,1.06,0.52,1.34,904
2130,Wood County OH,39173,39,1.75,1.43,2.14,456
2140,Canadian County OK,40017,40,1.64,1.38,1.91,409
2145,Cleveland County OK,40027,40,1.29,0.89,1.58,1188
2147,Comanche County OK,40031,40,1.21,0.83,1.5,468
2176,McCurtain County OK,40089,40,1.17,0.86,1.4,588
2186,Oklahoma County OK,40109,40,1.58,1.01,1.89,4039
2191,Payne County OK,40119,40,1.39,1.19,1.59,457
2201,Texas County OK,40139,40,0.91,0.63,1.12,999
2203,Tulsa County OK,40143,40,1.52,1.07,1.86,4572
2205,Washington County OK,40147,40,1.5,1.27,1.84,438
2211,Clackamas County OR,41005,41,1.15,0.79,1.5,899
2232,Marion County OR,41047,41,0.85,0.55,1.23,1697
2234,Multnomah County OR,41051,41,0.98,0.43,1.45,2608
2238,Umatilla County OR,41059,41,1.37,1.22,1.51,834
2242,Washington County OR,41067,41,0.82,0.21,1.38,1678
2246,Allegheny County PA,42003,42,1.57,1.03,2.11,4209
2248,Beaver County PA,42007,42,2.23,1.88,2.55,787
2250,Berks County PA,42011,42,0.96,0.51,1.27,4623
2253,Bucks County PA,42017,42,1.21,0.67,1.54,5967
2259,Chester County PA,42029,42,0.99,0.6,1.33,3892
2263,Columbia County PA,42037,42,1.19,0.79,1.52,414
2265,Cumberland County PA,42041,42,0.94,0.48,1.27,912
2266,Dauphin County PA,42043,42,0.57,0.06,1.01,2236
2267,Delaware County PA,42045,42,1.49,1,2.12,7427
2269,Erie County PA,42049,42,1.24,0.85,1.63,695
2272,Franklin County PA,42055,42,1.26,0.93,1.57,986
2279,Lackawanna County PA,42069,42,1.34,0.98,1.61,1743
2280,Lancaster County PA,42071,42,0.66,0.14,1.18,4674
2282,Lebanon County PA,42075,42,0.79,0.27,1.07,1399
2283,Lehigh County PA,42077,42,0.73,0.2,1.28,4354
2284,Luzerne County PA,42079,42,1.37,0.92,1.69,2967
2289,Monroe County PA,42089,42,1.23,0.77,1.73,1452
2290,Montgomery County PA,42091,42,0.94,0.5,1.35,8718
2292,Northampton County PA,42095,42,0.82,0.45,1.26,3501
2295,Philadelphia County PA,42101,42,0.85,0.38,1.42,26969
2296,Pike County PA,42103,42,0.63,0.3,1.04,506
2298,Schuylkill County PA,42107,42,0.9,0.52,1.26,761
2309,Westmoreland County PA,42129,42,1.57,1.17,1.94,897
2311,York County PA,42133,42,1.03,0.47,1.52,1692
2313,Kent County RI,44003,44,0.96,0.5,1.4,1374
2315,Providence County RI,44007,44,0.28,0,0.85,14599
2316,Washington County RI,44009,44,0.89,0.54,1.35,653
2318,Aiken County SC,45003,45,1.36,1.1,1.61,553
2320,Anderson County SC,45007,45,1.37,0.86,1.67,894
2323,Beaufort County SC,45013,45,1.24,0.96,1.48,1688
2324,Berkeley County SC,45015,45,1.1,0.85,1.43,1797
2326,Charleston County SC,45019,45,0.82,0.4,1.08,6346
2329,Chesterfield County SC,45025,45,1.29,1.07,1.57,421
2330,Clarendon County SC,45027,45,1.4,1.21,1.62,461
2331,Colleton County SC,45029,45,1.1,0.88,1.36,414
2332,Darlington County SC,45031,45,1.39,1.07,1.61,517
2334,Dorchester County SC,45035,45,1.25,1.01,1.45,1252
2337,Florence County SC,45041,45,0.89,0.51,1.13,1459
2338,Georgetown County SC,45043,45,1.17,1,1.29,731
2339,Greenville County SC,45045,45,0.84,0.34,1.31,6236
2340,Greenwood County SC,45047,45,1.46,1.18,1.71,650
2342,Horry County SC,45051,45,1.07,0.73,1.4,5017
2344,Kershaw County SC,45055,45,1.01,0.71,1.32,814
2345,Lancaster County SC,45057,45,0.79,0.46,1.11,599
2346,Laurens County SC,45059,45,1.1,0.89,1.28,645
2348,Lexington County SC,45063,45,1.01,0.49,1.39,2624
2354,Orangeburg County SC,45075,45,0.98,0.7,1.22,984
2355,Pickens County SC,45077,45,0.81,0.47,1.18,1044
2356,Richland County SC,45079,45,0.74,0.1,1.17,4344
2358,Spartanburg County SC,45083,45,1.21,0.84,1.51,2083
2359,Sumter County SC,45085,45,0.75,0.42,1.03,1256
2361,Williamsburg County SC,45089,45,1.13,0.84,1.4,459
2362,York County SC,45091,45,0.86,0.39,1.32,1621
2364,Beadle County SD,46005,46,0.87,0.6,1.08,550
2411,Minnehaha County SD,46099,46,1.26,0.98,1.56,3729
2414,Pennington County SD,46103,46,1.3,1.01,1.49,606
2430,Bedford County TN,47003,47,1.17,0.81,1.42,589
2432,Bledsoe County TN,47007,47,1.29,1.05,1.47,631
2434,Bradley County TN,47011,47,1.67,1.41,1.93,877
2447,Davidson County TN,47037,47,1.44,1.12,1.8,12479
2460,Hamblen County TN,47063,47,1.21,0.89,1.46,406
2461,Hamilton County TN,47065,47,1.93,1.36,2.36,3012
2475,Knox County TN,47093,47,1.48,1.02,2.03,1394
2476,Lake County TN,47095,47,0.6,0.44,0.76,847
2484,Macon County TN,47111,47,1.34,1.24,1.45,512
2488,Maury County TN,47119,47,1.31,1,1.65,407
2491,Montgomery County TN,47125,47,1.39,0.93,1.77,620
2499,Putnam County TN,47141,47,1.2,0.82,1.49,929
2502,Robertson County TN,47147,47,1.24,0.94,1.57,879
2503,Rutherford County TN,47149,47,1.28,0.89,1.79,3234
2506,Sevier County TN,47155,47,1,0.62,1.25,859
2507,Shelby County TN,47157,47,0.79,0.05,1.33,12571
2511,Sumner County TN,47165,47,1.4,1.11,1.65,1727
2512,Tipton County TN,47167,47,1.42,1.19,1.69,662
2513,Trousdale County TN,47169,47,0.87,0.68,1.04,1510
2522,Williamson County TN,47187,47,1.53,1.17,1.77,1522
2523,Wilson County TN,47189,47,1.44,1.15,1.73,1062
2524,Anderson County TX,48001,48,1.42,1.13,1.68,1156
2526,Angelina County TX,48005,48,1.11,0.69,1.42,612
2534,Bastrop County TX,48021,48,1.75,1.54,1.93,629
2537,Bell County TX,48027,48,1.12,0.82,1.54,1734
2538,Bexar County TX,48029,48,1.14,0.58,1.74,16784
2542,Bowie County TX,48037,48,1.26,0.99,1.63,500
2543,Brazoria County TX,48039,48,1.39,1,1.77,3256
2544,Brazos County TX,48041,48,0.62,0.03,1.02,2626
2551,Caldwell County TX,48055,48,1.23,1.09,1.34,539
2554,Cameron County TX,48061,48,0.85,0.44,1.2,2999
2559,Chambers County TX,48071,48,1.39,1.31,1.49,454
2566,Collin County TX,48085,48,1.33,0.68,1.75,3825
2569,Comal County TX,48091,48,0.99,0.66,1.36,750
2580,Dallas County TX,48113,48,1.41,0.8,1.87,29160
2584,Denton County TX,48121,48,0.81,0.34,1.3,3459
2591,Ector County TX,48135,48,1.56,1.34,1.75,949
2593,Ellis County TX,48139,48,1.75,1.57,1.87,1354
2594,El Paso County TX,48141,48,1.31,0.85,1.81,8037
2602,Fort Bend County TX,48157,48,0.81,0.19,1.3,4346
2607,Galveston County TX,48167,48,1.07,0.66,1.41,4809
2614,Grayson County TX,48181,48,1.35,0.99,1.68,688
2615,Gregg County TX,48183,48,2.73,2.5,2.98,655
2616,Grimes County TX,48185,48,1.5,1.36,1.62,621
2617,Guadalupe County TX,48187,48,1.2,0.9,1.52,902
2618,Hale County TX,48189,48,1.32,1.22,1.41,592
2624,Harris County TX,48201,48,1.01,0.15,1.64,40012
2628,Hays County TX,48209,48,0.8,0.48,1.14,3328
2631,Hidalgo County TX,48215,48,0.99,0.35,1.36,5782
2639,Hunt County TX,48231,48,1.22,1.01,1.5,623
2646,Jefferson County TX,48245,48,2.57,2.21,2.85,3094
2649,Johnson County TX,48251,48,1.97,1.76,2.17,742
2650,Jones County TX,48253,48,1.02,0.7,1.42,723
2652,Kaufman County TX,48257,48,1.35,1.12,1.67,875
2669,Liberty County TX,48291,48,1.31,1.08,1.51,446
2675,Lubbock County TX,48303,48,1.26,0.8,1.72,3052
2678,McLennan County TX,48309,48,1.55,1.26,1.74,2044
2685,Maverick County TX,48323,48,1.36,1.21,1.49,559
2688,Midland County TX,48329,48,1.33,1,1.67,976
2693,Montgomery County TX,48339,48,1.56,1.09,1.86,2785
2694,Moore County TX,48341,48,1.11,0.95,1.3,920
2697,Nacogdoches County TX,48347,48,1.53,1.37,1.81,479
2701,Nueces County TX,48355,48,2.57,2.27,2.78,4917
2704,Orange County TX,48361,48,1.88,1.63,2.14,417
2707,Parker County TX,48367,48,1.8,1.54,1.98,478
2711,Potter County TX,48375,48,1.85,1.59,2.09,3010
2714,Randall County TX,48381,48,1.64,1.33,1.9,971
2722,Rockwall County TX,48397,48,1.18,0.86,1.5,424
2735,Smith County TX,48423,48,1.95,1.67,2.14,1098
2737,Starr County TX,48427,48,1.37,1.1,1.6,843
2743,Tarrant County TX,48439,48,1.15,0.57,1.81,15585
2744,Taylor County TX,48441,48,1.91,1.57,2.18,769
2748,Titus County TX,48449,48,1.76,1.51,2.02,969
2749,Tom Green County TX,48451,48,1.6,1.44,1.8,727
2750,Travis County TX,48453,48,0.73,0,1.25,12408
2756,Val Verde County TX,48465,48,0.9,0.63,1.19,509
2758,Victoria County TX,48469,48,1.67,1.46,1.9,1334
2759,Walker County TX,48471,48,0.19,0.05,0.53,2320
2763,Webb County TX,48479,48,1.12,0.89,1.41,2091
2766,Wichita County TX,48485,48,1.45,1.17,1.71,512
2769,Williamson County TX,48491,48,1.77,1.35,2.09,3442
2783,Davis County UT,49011,49,1.11,0.72,1.62,1576
2795,Salt Lake County UT,49035,49,1.07,0.43,1.46,13343
2796,San Juan County UT,49037,49,0.21,0.14,0.28,427
2799,Summit County UT,49043,49,1.37,1.13,1.54,550
2802,Utah County UT,49049,49,0.99,0.65,1.29,4894
2803,Wasatch County UT,49051,49,1.03,0.79,1.2,437
2810,Chittenden County VT,50007,50,1.22,0.83,1.7,635
2821,Accomack County VA,51001,51,0.6,0.35,0.82,1047
2822,Albemarle County VA,51003,51,1.36,1.01,1.65,498
2827,Arlington County VA,51013,51,1.43,0.84,2.15,2558
2835,Buckingham County VA,51029,51,0.88,0.65,1.07,573
2841,Chesterfield County VA,51041,51,0.62,0.27,1.13,3080
2844,Culpeper County VA,51047,51,1.03,0.7,1.33,831
2849,Fairfax County VA,51059,51,1.02,0.27,1.54,14267
2850,Fauquier County VA,51061,51,1.07,0.71,1.41,458
2854,Frederick County VA,51069,51,1.28,0.91,1.62,532
2862,Hanover County VA,51085,51,1.07,0.73,1.59,462
2863,Henrico County VA,51087,51,0.89,0.37,1.32,2721
2873,Loudoun County VA,51107,51,0.69,0.09,1.1,4292
2893,Prince William County VA,51153,51,0.81,0.4,1.28,7665
2899,Rockingham County VA,51165,51,1.11,0.77,1.39,763
2902,Shenandoah County VA,51171,51,0.98,0.74,1.16,601
2905,Spotsylvania County VA,51177,51,0.85,0.48,1.15,1053
2906,Stafford County VA,51179,51,0.94,0.37,1.43,1034
2916,Alexandria city VA,51510,51,1.18,0.49,1.85,2409
2920,Chesapeake city VA,51550,51,1.21,0.71,1.63,1088
2930,Hampton city VA,51650,51,1.47,1,1.86,409
2931,Harrisonburg city VA,51660,51,0.99,0.47,1.36,977
2935,Manassas city VA,51683,51,1.24,0.83,1.69,1466
2936,Manassas Park city VA,51685,51,0.96,0.55,1.34,451
2938,Newport News city VA,51700,51,1.45,0.69,1.9,635
2939,Norfolk city VA,51710,51,1.23,0.71,1.79,1197
2943,Portsmouth city VA,51740,51,1.5,1.1,1.93,596
2945,Richmond city VA,51760,51,0.63,0.21,1.12,2327
2946,Roanoke city VA,51770,51,1.11,0.52,1.69,535
2949,Suffolk city VA,51800,51,1.61,1.27,2.01,487
2950,Virginia Beach city VA,51810,51,1.68,1.24,2.02,1520
2956,Benton County WA,53005,53,1.11,0.84,1.42,2136
2957,Chelan County WA,53007,53,1.8,1.61,1.98,483
2959,Clark County WA,53011,53,2.02,1.59,2.48,1016
2964,Franklin County WA,53021,53,1.08,0.83,1.23,2177
2966,Grant County WA,53025,53,1.41,1.18,1.63,723
2970,King County WA,53033,53,0.67,0.1,1.23,11290
2980,Pierce County WA,53053,53,1.16,0.52,1.6,2976
2982,Skagit County WA,53057,53,1.94,1.64,2.24,568
2984,Snohomish County WA,53061,53,0.96,0.67,1.37,3789
2985,Spokane County WA,53063,53,1.26,0.97,1.52,1820
2990,Whatcom County WA,53073,53,0.79,0.39,1.09,688
2992,Yakima County WA,53077,53,0.87,0.71,1.1,7760
2994,Berkeley County WV,54003,54,1.15,0.8,1.55,509
3023,Monongalia County WV,54061,54,2.89,2.59,3.18,406
3052,Brown County WI,55009,55,0.49,0,1.04,3088
3060,Dane County WI,55025,55,0.69,0.27,1.16,2588
3061,Dodge County WI,55027,55,0.58,0.24,0.95,491
3077,Kenosha County WI,55059,55,1.4,1.1,1.75,1628
3079,La Crosse County WI,55063,55,1.01,0.52,1.31,543
3088,Milwaukee County WI,55079,55,1.05,0.51,1.51,12728
3092,Outagamie County WI,55087,55,1.35,0.78,1.73,581
3099,Racine County WI,55101,55,1.44,1.1,1.98,2272
3101,Rock County WI,55105,55,1.6,1.26,1.86,965
3112,Walworth County WI,55127,55,1.4,1.1,1.66,717
3114,Washington County WI,55131,55,1.63,1.18,2.23,451
3115,Waukesha County WI,55133,55,1.41,1.1,2,1483
3118,Winnebago County WI,55139,55,1,0.56,1.57,730
