county,id,day_to_overload
Autauga County AL,01001,18
Baldwin County AL,01003,34
Barbour County AL,01005,40
Bibb County AL,01007,15
Blount County AL,01009,17
Bullock County AL,01011,25
Butler County AL,01013,33
Calhoun County AL,01015,29
Chambers County AL,01017,29
Cherokee County AL,01019,22
Chilton County AL,01021,22
Choctaw County AL,01023,39
Clarke County AL,01025,34
Clay County AL,01027,37
Cleburne County AL,01029,22
Coffee County AL,01031,35
Colbert County AL,01033,33
Conecuh County AL,01035,34
Coosa County AL,01037,27
Covington County AL,01039,23
Crenshaw County AL,01041,24
Cullman County AL,01043,23
Dale County AL,01045,37
Dallas County AL,01047,33
DeKalb County AL,01049,33
Elmore County AL,01051,13
Escambia County AL,01053,34
Etowah County AL,01055,33
Fayette County AL,01057,29
Franklin County AL,01059,35
Geneva County AL,01061,34
Greene County AL,01063,22
Hale County AL,01065,18
Henry County AL,01067,37
Houston County AL,01069,42
Jackson County AL,01071,29
Jefferson County AL,01073,21
Lamar County AL,01075,31
Lauderdale County AL,01077,31
Lawrence County AL,01079,28
Lee County AL,01081,26
Limestone County AL,01083,5
Lowndes County AL,01085,21
Macon County AL,01087,18
Madison County AL,01089,19
Marengo County AL,01091,37
Marion County AL,01093,23
Marshall County AL,01095,27
Mobile County AL,01097,32
Monroe County AL,01099,NA
Montgomery County AL,01101,18
Morgan County AL,01103,21
Perry County AL,01105,28
Pickens County AL,01107,24
Pike County AL,01109,33
Randolph County AL,01111,23
Russell County AL,01113,32
St. Clair County AL,01115,15
Shelby County AL,01117,18
Sumter County AL,01119,30
Talladega County AL,01121,26
Tallapoosa County AL,01123,25
Tuscaloosa County AL,01125,19
Walker County AL,01127,19
Washington County AL,01129,35
Wilcox County AL,01131,38
Winston County AL,01133,27
Aleutians East Borough AK,02013,42
Aleutians West Census Area AK,02016,NA
Anchorage Municipality AK,02020,14
Bethel Census Area AK,02050,NA
Bristol Bay Borough AK,02060,41
Denali Borough AK,02068,NA
Dillingham Census Area AK,02070,NA
Fairbanks North Star Borough AK,02090,41
Haines Borough AK,02100,NA
Hoonah-Angoon Census Area AK,02105,NA
Juneau City and Borough AK,02110,NA
Kenai Peninsula Borough AK,02122,31
Ketchikan Gateway Borough AK,02130,NA
Kodiak Island Borough AK,02150,42
Kusilvak Census Area AK,02158,NA
Lake and Peninsula Borough AK,02164,NA
Matanuska-Susitna Borough AK,02170,20
Nome Census Area AK,02180,NA
North Slope Borough AK,02185,21
Northwest Arctic Borough AK,02188,35
Petersburg Borough AK,02195,NA
Prince of Wales-Hyder Census Area AK,02198,NA
Sitka City and Borough AK,02220,NA
Skagway Municipality AK,02230,NA
Southeast Fairbanks Census Area AK,02240,42
Valdez-Cordova Census Area AK,02261,30
Wrangell City and Borough AK,02275,NA
Yakutat City and Borough AK,02282,NA
Yukon-Koyukuk Census Area AK,02290,40
Apache County AZ,04001,26
Cochise County AZ,04003,22
Coconino County AZ,04005,34
Gila County AZ,04007,24
Graham County AZ,04009,25
Greenlee County AZ,04011,31
La Paz County AZ,04012,28
Maricopa County AZ,04013,12
Mohave County AZ,04015,23
Navajo County AZ,04017,26
Pima County AZ,04019,11
Pinal County AZ,04021,13
Santa Cruz County AZ,04023,20
Yavapai County AZ,04025,30
Yuma County AZ,04027,22
Arkansas County AR,05001,29
Ashley County AR,05003,NA
Baxter County AR,05005,NA
Benton County AR,05007,39
Boone County AR,05009,NA
Bradley County AR,05011,NA
Calhoun County AR,05013,40
Carroll County AR,05015,NA
Chicot County AR,05017,NA
Clark County AR,05019,30
Clay County AR,05021,NA
Cleburne County AR,05023,26
Cleveland County AR,05025,33
Columbia County AR,05027,37
Conway County AR,05029,24
Craighead County AR,05031,40
Crawford County AR,05033,NA
Crittenden County AR,05035,6
Cross County AR,05037,20
Dallas County AR,05039,37
Desha County AR,05041,33
Drew County AR,05043,40
Faulkner County AR,05045,24
Franklin County AR,05047,NA
Fulton County AR,05049,NA
Garland County AR,05051,33
Grant County AR,05053,21
Greene County AR,05055,41
Hempstead County AR,05057,NA
Hot Spring County AR,05059,29
Howard County AR,05061,NA
Independence County AR,05063,NA
Izard County AR,05065,NA
Jackson County AR,05067,35
Jefferson County AR,05069,29
Johnson County AR,05071,NA
Lafayette County AR,05073,NA
Lawrence County AR,05075,41
Lee County AR,05077,29
Lincoln County AR,05079,30
Little River County AR,05081,40
Logan County AR,05083,NA
Lonoke County AR,05085,10
Madison County AR,05087,NA
Marion County AR,05089,NA
Miller County AR,05091,26
Mississippi County AR,05093,34
Monroe County AR,05095,32
Montgomery County AR,05097,37
Nevada County AR,05099,NA
Newton County AR,05101,NA
Ouachita County AR,05103,NA
Perry County AR,05105,25
Phillips County AR,05107,32
Pike County AR,05109,40
Poinsett County AR,05111,21
Polk County AR,05113,NA
Pope County AR,05115,37
Prairie County AR,05117,27
Pulaski County AR,05119,26
Randolph County AR,05121,NA
St. Francis County AR,05123,26
Saline County AR,05125,17
Scott County AR,05127,NA
Searcy County AR,05129,38
Sebastian County AR,05131,NA
Sevier County AR,05133,NA
Sharp County AR,05135,NA
Stone County AR,05137,39
Union County AR,05139,NA
Van Buren County AR,05141,25
Washington County AR,05143,42
White County AR,05145,28
Woodruff County AR,05147,38
Yell County AR,05149,37
Alameda County CA,06001,22
Alpine County CA,06003,34
Amador County CA,06005,25
Butte County CA,06007,31
Calaveras County CA,06009,18
Colusa County CA,06011,29
Contra Costa County CA,06013,18
Del Norte County CA,06015,42
El Dorado County CA,06017,10
Fresno County CA,06019,22
Glenn County CA,06021,34
Humboldt County CA,06023,19
Imperial County CA,06025,29
Inyo County CA,06027,29
Kern County CA,06029,11
Kings County CA,06031,26
Lake County CA,06033,33
Lassen County CA,06035,37
Los Angeles County CA,06037,13
Madera County CA,06039,27
Marin County CA,06041,24
Mariposa County CA,06043,28
Mendocino County CA,06045,37
Merced County CA,06047,17
Modoc County CA,06049,NA
Mono County CA,06051,35
Monterey County CA,06053,21
Napa County CA,06055,28
Nevada County CA,06057,19
Orange County CA,06059,13
Placer County CA,06061,14
Plumas County CA,06063,28
Riverside County CA,06065,15
Sacramento County CA,06067,23
San Benito County CA,06069,20
San Bernardino County CA,06071,20
San Diego County CA,06073,16
San Francisco County CA,06075,21
San Joaquin County CA,06077,16
San Luis Obispo County CA,06079,15
San Mateo County CA,06081,19
Santa Barbara County CA,06083,15
Santa Clara County CA,06085,24
Santa Cruz County CA,06087,22
Shasta County CA,06089,39
Sierra County CA,06091,NA
Siskiyou County CA,06093,42
Solano County CA,06095,22
Sonoma County CA,06097,24
Stanislaus County CA,06099,23
Sutter County CA,06101,15
Tehama County CA,06103,33
Trinity County CA,06105,31
Tulare County CA,06107,21
Tuolumne County CA,06109,28
Ventura County CA,06111,16
Yolo County CA,06113,19
Yuba County CA,06115,27
Adams County CO,08001,17
Alamosa County CO,08003,NA
Arapahoe County CO,08005,10
Archuleta County CO,08007,NA
Baca County CO,08009,NA
Bent County CO,08011,NA
Boulder County CO,08013,10
Broomfield County CO,08014,15
Chaffee County CO,08015,27
Cheyenne County CO,08017,39
Clear Creek County CO,08019,16
Conejos County CO,08021,NA
Costilla County CO,08023,NA
Crowley County CO,08025,39
Custer County CO,08027,37
Delta County CO,08029,13
Denver County CO,08031,13
Dolores County CO,08033,NA
Douglas County CO,08035,14
Eagle County CO,08037,0
Elbert County CO,08039,11
El Paso County CO,08041,7
Fremont County CO,08043,20
Garfield County CO,08045,23
Gilpin County CO,08047,17
Grand County CO,08049,22
Gunnison County CO,08051,0
Hinsdale County CO,08053,30
Huerfano County CO,08055,32
Jackson County CO,08057,35
Jefferson County CO,08059,8
Kiowa County CO,08061,NA
Kit Carson County CO,08063,42
Lake County CO,08065,20
La Plata County CO,08067,NA
Larimer County CO,08069,7
Las Animas County CO,08071,33
Lincoln County CO,08073,24
Logan County CO,08075,29
Mesa County CO,08077,21
Mineral County CO,08079,NA
Moffat County CO,08081,26
Montezuma County CO,08083,41
Montrose County CO,08085,26
Morgan County CO,08087,23
Otero County CO,08089,36
Ouray County CO,08091,38
Park County CO,08093,14
Phillips County CO,08095,NA
Pitkin County CO,08097,19
Prowers County CO,08099,40
Pueblo County CO,08101,23
Rio Blanco County CO,08103,32
Rio Grande County CO,08105,NA
Routt County CO,08107,9
Saguache County CO,08109,NA
San Juan County CO,08111,NA
San Miguel County CO,08113,41
Sedgwick County CO,08115,NA
Summit County CO,08117,23
Teller County CO,08119,10
Washington County CO,08121,38
Weld County CO,08123,0
Yuma County CO,08125,39
Fairfield County CT,09001,0
Hartford County CT,09003,8
Litchfield County CT,09005,5
Middlesex County CT,09007,8
New Haven County CT,09009,7
New London County CT,09011,10
Tolland County CT,09013,8
Windham County CT,09015,15
Kent County DE,10001,24
New Castle County DE,10003,13
Sussex County DE,10005,22
District of Columbia DC,11001,17
Alachua County FL,12001,31
Baker County FL,12003,15
Bay County FL,12005,33
Bradford County FL,12007,13
Brevard County FL,12009,28
Broward County FL,12011,11
Calhoun County FL,12013,33
Charlotte County FL,12015,20
Citrus County FL,12017,24
Clay County FL,12019,10
Collier County FL,12021,18
Columbia County FL,12023,27
DeSoto County FL,12027,20
Dixie County FL,12029,33
Duval County FL,12031,22
Escambia County FL,12033,19
Flagler County FL,12035,11
Franklin County FL,12037,41
Gadsden County FL,12039,19
Gilchrist County FL,12041,20
Glades County FL,12043,23
Gulf County FL,12045,37
Hamilton County FL,12047,26
Hardee County FL,12049,21
Hendry County FL,12051,20
Hernando County FL,12053,19
Highlands County FL,12055,29
Hillsborough County FL,12057,14
Holmes County FL,12059,21
Indian River County FL,12061,28
Jackson County FL,12063,38
Jefferson County FL,12065,30
Lafayette County FL,12067,33
Lake County FL,12069,15
Lee County FL,12071,15
Leon County FL,12073,26
Levy County FL,12075,17
Liberty County FL,12077,35
Madison County FL,12079,24
Manatee County FL,12081,20
Marion County FL,12083,23
Martin County FL,12085,21
Miami-Dade County FL,12086,9
Monroe County FL,12087,5
Nassau County FL,12089,17
Okaloosa County FL,12091,22
Okeechobee County FL,12093,25
Orange County FL,12095,13
Osceola County FL,12097,11
Palm Beach County FL,12099,15
Pasco County FL,12101,19
Pinellas County FL,12103,20
Polk County FL,12105,21
Putnam County FL,12107,6
St. Johns County FL,12109,11
St. Lucie County FL,12111,19
Santa Rosa County FL,12113,19
Sarasota County FL,12115,10
Seminole County FL,12117,6
Sumter County FL,12119,0
Suwannee County FL,12121,16
Taylor County FL,12123,42
Union County FL,12125,19
Volusia County FL,12127,22
Wakulla County FL,12129,24
Walton County FL,12131,11
Washington County FL,12133,25
Appling County GA,13001,NA
Atkinson County GA,13003,39
Bacon County GA,13005,NA
Baker County GA,13007,20
Baldwin County GA,13009,39
Banks County GA,13011,18
Barrow County GA,13013,14
Bartow County GA,13015,5
Ben Hill County GA,13017,37
Berrien County GA,13019,22
Bibb County GA,13021,40
Bleckley County GA,13023,41
Brantley County GA,13025,36
Brooks County GA,13027,22
Bryan County GA,13029,38
Bulloch County GA,13031,NA
Burke County GA,13033,31
Butts County GA,13035,14
Calhoun County GA,13037,21
Camden County GA,13039,23
Candler County GA,13043,NA
Carroll County GA,13045,11
Catoosa County GA,13047,18
Charlton County GA,13049,17
Chatham County GA,13051,NA
Chattahoochee County GA,13053,33
Chattooga County GA,13055,23
Cherokee County GA,13057,8
Clarke County GA,13059,26
Clay County GA,13061,39
Clayton County GA,13063,13
Clinch County GA,13065,37
Cobb County GA,13067,14
Coffee County GA,13069,41
Colquitt County GA,13071,28
Columbia County GA,13073,0
Cook County GA,13075,23
Coweta County GA,13077,18
Crawford County GA,13079,35
Crisp County GA,13081,27
Dade County GA,13083,33
Dawson County GA,13085,15
Decatur County GA,13087,33
DeKalb County GA,13089,13
Dodge County GA,13091,NA
Dooly County GA,13093,28
Dougherty County GA,13095,8
Douglas County GA,13097,4
Early County GA,13099,25
Echols County GA,13101,28
Effingham County GA,13103,34
Elbert County GA,13105,30
Emanuel County GA,13107,NA
Evans County GA,13109,NA
Fannin County GA,13111,31
Fayette County GA,13113,21
Floyd County GA,13115,22
Forsyth County GA,13117,13
Franklin County GA,13119,32
Fulton County GA,13121,21
Gilmer County GA,13123,18
Glascock County GA,13125,NA
Glynn County GA,13127,33
Gordon County GA,13129,19
Grady County GA,13131,27
Greene County GA,13133,23
Gwinnett County GA,13135,7
Habersham County GA,13137,21
Hall County GA,13139,16
Hancock County GA,13141,39
Haralson County GA,13143,14
Harris County GA,13145,25
Hart County GA,13147,28
Heard County GA,13149,22
Henry County GA,13151,8
Houston County GA,13153,36
Irwin County GA,13155,33
Jackson County GA,13157,10
Jasper County GA,13159,23
Jeff Davis County GA,13161,NA
Jefferson County GA,13163,38
Jenkins County GA,13165,NA
Johnson County GA,13167,NA
Jones County GA,13169,31
Lamar County GA,13171,18
Lanier County GA,13173,26
Laurens County GA,13175,NA
Lee County GA,13177,0
Liberty County GA,13179,32
Lincoln County GA,13181,35
Long County GA,13183,NA
Lowndes County GA,13185,21
Lumpkin County GA,13187,15
McDuffie County GA,13189,27
McIntosh County GA,13191,38
Macon County GA,13193,29
Madison County GA,13195,15
Marion County GA,13197,33
Meriwether County GA,13199,20
Miller County GA,13201,30
Mitchell County GA,13205,10
Monroe County GA,13207,19
Montgomery County GA,13209,NA
Morgan County GA,13211,17
Murray County GA,13213,16
Muscogee County GA,13215,35
Newton County GA,13217,12
Oconee County GA,13219,6
Oglethorpe County GA,13221,20
Paulding County GA,13223,11
Peach County GA,13225,29
Pickens County GA,13227,21
Pierce County GA,13229,40
Pike County GA,13231,17
Polk County GA,13233,0
Pulaski County GA,13235,NA
Putnam County GA,13237,22
Quitman County GA,13239,NA
Rabun County GA,13241,27
Randolph County GA,13243,24
Richmond County GA,13245,41
Rockdale County GA,13247,15
Schley County GA,13249,28
Screven County GA,13251,NA
Seminole County GA,13253,36
Spalding County GA,13255,16
Stephens County GA,13257,31
Stewart County GA,13259,34
Sumter County GA,13261,19
Talbot County GA,13263,32
Taliaferro County GA,13265,NA
Tattnall County GA,13267,NA
Taylor County GA,13269,36
Telfair County GA,13271,NA
Terrell County GA,13273,13
Thomas County GA,13275,33
Tift County GA,13277,26
Toombs County GA,13279,NA
Towns County GA,13281,NA
Treutlen County GA,13283,NA
Troup County GA,13285,25
Turner County GA,13287,22
Twiggs County GA,13289,39
Union County GA,13291,35
Upson County GA,13293,29
Walker County GA,13295,21
Walton County GA,13297,16
Ware County GA,13299,42
Warren County GA,13301,41
Washington County GA,13303,39
Wayne County GA,13305,NA
Webster County GA,13307,35
Wheeler County GA,13309,NA
White County GA,13311,16
Whitfield County GA,13313,19
Wilcox County GA,13315,34
Wilkes County GA,13317,29
Wilkinson County GA,13319,41
Worth County GA,13321,9
Hawaii County HI,15001,35
Honolulu County HI,15003,17
Kalawao County HI,15005,NA
Kauai County HI,15007,37
Maui County HI,15009,16
Ada County ID,16001,32
Adams County ID,16003,NA
Bannock County ID,16005,NA
Bear Lake County ID,16007,NA
Benewah County ID,16009,34
Bingham County ID,16011,NA
Blaine County ID,16013,NA
Boise County ID,16015,34
Bonner County ID,16017,32
Bonneville County ID,16019,NA
Boundary County ID,16021,41
Butte County ID,16023,NA
Camas County ID,16025,NA
Canyon County ID,16027,34
Caribou County ID,16029,NA
Cassia County ID,16031,NA
Clark County ID,16033,NA
Clearwater County ID,16035,NA
Custer County ID,16037,NA
Elmore County ID,16039,36
Franklin County ID,16041,35
Fremont County ID,16043,NA
Gem County ID,16045,33
Gooding County ID,16047,NA
Idaho County ID,16049,NA
Jefferson County ID,16051,NA
Jerome County ID,16053,NA
Kootenai County ID,16055,28
Latah County ID,16057,29
Lemhi County ID,16059,NA
Lewis County ID,16061,NA
Lincoln County ID,16063,NA
Madison County ID,16065,NA
Minidoka County ID,16067,NA
Nez Perce County ID,16069,42
Oneida County ID,16071,NA
Owyhee County ID,16073,39
Payette County ID,16075,37
Power County ID,16077,NA
Shoshone County ID,16079,37
Teton County ID,16081,NA
Twin Falls County ID,16083,NA
Valley County ID,16085,NA
Washington County ID,16087,NA
Adams County IL,17001,NA
Alexander County IL,17003,NA
Bond County IL,17005,24
Boone County IL,17007,10
Brown County IL,17009,NA
Bureau County IL,17011,30
Calhoun County IL,17013,42
Carroll County IL,17015,28
Cass County IL,17017,40
Champaign County IL,17019,38
Christian County IL,17021,35
Clark County IL,17023,38
Clay County IL,17025,NA
Clinton County IL,17027,21
Coles County IL,17029,35
Cook County IL,17031,6
Crawford County IL,17033,38
Cumberland County IL,17035,42
DeKalb County IL,17037,17
De Witt County IL,17039,33
Douglas County IL,17041,37
DuPage County IL,17043,14
Edgar County IL,17045,32
Edwards County IL,17047,NA
Effingham County IL,17049,42
Fayette County IL,17051,37
Ford County IL,17053,34
Franklin County IL,17055,34
Fulton County IL,17057,36
Gallatin County IL,17059,NA
Greene County IL,17061,31
Grundy County IL,17063,18
Hamilton County IL,17065,NA
Hancock County IL,17067,37
Hardin County IL,17069,NA
Henderson County IL,17071,40
Henry County IL,17073,30
Iroquois County IL,17075,25
Jackson County IL,17077,40
Jasper County IL,17079,NA
Jefferson County IL,17081,40
Jersey County IL,17083,23
Jo Daviess County IL,17085,22
Johnson County IL,17087,42
Kane County IL,17089,8
Kankakee County IL,17091,21
Kendall County IL,17093,3
Knox County IL,17095,38
Lake County IL,17097,4
LaSalle County IL,17099,20
Lawrence County IL,17101,39
Lee County IL,17103,27
Livingston County IL,17105,24
Logan County IL,17107,35
McDonough County IL,17109,33
McHenry County IL,17111,10
McLean County IL,17113,30
Macon County IL,17115,NA
Macoupin County IL,17117,17
Madison County IL,17119,20
Marion County IL,17121,36
Marshall County IL,17123,35
Mason County IL,17125,37
Massac County IL,17127,NA
Menard County IL,17129,39
Mercer County IL,17131,25
Monroe County IL,17133,10
Montgomery County IL,17135,33
Morgan County IL,17137,37
Moultrie County IL,17139,42
Ogle County IL,17141,22
Peoria County IL,17143,40
Perry County IL,17145,30
Piatt County IL,17147,31
Pike County IL,17149,37
Pope County IL,17151,NA
Pulaski County IL,17153,NA
Putnam County IL,17155,34
Randolph County IL,17157,18
Richland County IL,17159,NA
Rock Island County IL,17161,29
St. Clair County IL,17163,18
Saline County IL,17165,NA
Sangamon County IL,17167,40
Schuyler County IL,17169,NA
Scott County IL,17171,NA
Shelby County IL,17173,36
Stark County IL,17175,42
Stephenson County IL,17177,30
Tazewell County IL,17179,30
Union County IL,17181,42
Vermilion County IL,17183,38
Wabash County IL,17185,NA
Warren County IL,17187,37
Washington County IL,17189,24
Wayne County IL,17191,NA
White County IL,17193,NA
Whiteside County IL,17195,30
Will County IL,17197,8
Williamson County IL,17199,NA
Winnebago County IL,17201,29
Woodford County IL,17203,28
Adams County IN,18001,26
Allen County IN,18003,29
Bartholomew County IN,18005,22
Benton County IN,18007,34
Blackford County IN,18009,28
Boone County IN,18011,13
Brown County IN,18013,16
Carroll County IN,18015,24
Cass County IN,18017,29
Clark County IN,18019,24
Clay County IN,18021,26
Clinton County IN,18023,16
Crawford County IN,18025,32
Daviess County IN,18027,40
Dearborn County IN,18029,32
Decatur County IN,18031,18
DeKalb County IN,18033,29
Delaware County IN,18035,30
Dubois County IN,18037,NA
Elkhart County IN,18039,24
Fayette County IN,18041,NA
Floyd County IN,18043,26
Fountain County IN,18045,29
Franklin County IN,18047,24
Fulton County IN,18049,33
Gibson County IN,18051,NA
Grant County IN,18053,30
Greene County IN,18055,37
Hamilton County IN,18057,12
Hancock County IN,18059,17
Harrison County IN,18061,22
Hendricks County IN,18063,14
Henry County IN,18065,21
Howard County IN,18067,27
Huntington County IN,18069,29
Jackson County IN,18071,32
Jasper County IN,18073,23
Jay County IN,18075,34
Jefferson County IN,18077,34
Jennings County IN,18079,25
Johnson County IN,18081,6
Knox County IN,18083,NA
Kosciusko County IN,18085,26
LaGrange County IN,18087,29
Lake County IN,18089,19
LaPorte County IN,18091,23
Lawrence County IN,18093,29
Madison County IN,18095,23
Marion County IN,18097,15
Marshall County IN,18099,21
Martin County IN,18101,34
Miami County IN,18103,31
Monroe County IN,18105,27
Montgomery County IN,18107,22
Morgan County IN,18109,14
Newton County IN,18111,22
Noble County IN,18113,26
Ohio County IN,18115,42
Orange County IN,18117,27
Owen County IN,18119,19
Parke County IN,18121,25
Perry County IN,18123,NA
Pike County IN,18125,NA
Porter County IN,18127,23
Posey County IN,18129,31
Pulaski County IN,18131,33
Putnam County IN,18133,19
Randolph County IN,18135,25
Ripley County IN,18137,32
Rush County IN,18139,18
St. Joseph County IN,18141,11
Scott County IN,18143,30
Shelby County IN,18145,16
Spencer County IN,18147,42
Starke County IN,18149,23
Steuben County IN,18151,27
Sullivan County IN,18153,37
Switzerland County IN,18155,40
Tippecanoe County IN,18157,30
Tipton County IN,18159,25
Union County IN,18161,37
Vanderburgh County IN,18163,NA
Vermillion County IN,18165,37
Vigo County IN,18167,37
Wabash County IN,18169,34
Warren County IN,18171,36
Warrick County IN,18173,NA
Washington County IN,18175,22
Wayne County IN,18177,36
Wells County IN,18179,30
White County IN,18181,26
Whitley County IN,18183,26
Adair County IA,19001,37
Adams County IA,19003,NA
Allamakee County IA,19005,36
Appanoose County IA,19007,NA
Audubon County IA,19009,37
Benton County IA,19011,18
Black Hawk County IA,19013,28
Boone County IA,19015,34
Bremer County IA,19017,29
Buchanan County IA,19019,27
Buena Vista County IA,19021,NA
Butler County IA,19023,33
Calhoun County IA,19025,NA
Carroll County IA,19027,36
Cass County IA,19029,38
Cedar County IA,19031,9
Cerro Gordo County IA,19033,NA
Cherokee County IA,19035,NA
Chickasaw County IA,19037,37
Clarke County IA,19039,39
Clay County IA,19041,NA
Clayton County IA,19043,30
Clinton County IA,19045,33
Crawford County IA,19047,28
Dallas County IA,19049,20
Davis County IA,19051,NA
Decatur County IA,19053,NA
Delaware County IA,19055,29
Des Moines County IA,19057,35
Dickinson County IA,19059,NA
Dubuque County IA,19061,20
Emmet County IA,19063,42
Fayette County IA,19065,36
Floyd County IA,19067,37
Franklin County IA,19069,NA
Fremont County IA,19071,39
Greene County IA,19073,NA
Grundy County IA,19075,33
Guthrie County IA,19077,32
Hamilton County IA,19079,39
Hancock County IA,19081,NA
Hardin County IA,19083,38
Harrison County IA,19085,4
Henry County IA,19087,25
Howard County IA,19089,27
Humboldt County IA,19091,NA
Ida County IA,19093,40
Iowa County IA,19095,16
Jackson County IA,19097,25
Jasper County IA,19099,31
Jefferson County IA,19101,28
Johnson County IA,19103,22
Jones County IA,19105,19
Keokuk County IA,19107,19
Kossuth County IA,19109,41
Lee County IA,19111,40
Linn County IA,19113,21
Louisa County IA,19115,18
Lucas County IA,19117,NA
Lyon County IA,19119,33
Madison County IA,19121,30
Mahaska County IA,19123,36
Marion County IA,19125,35
Marshall County IA,19127,39
Mills County IA,19129,31
Mitchell County IA,19131,31
Monona County IA,19133,37
Monroe County IA,19135,42
Montgomery County IA,19137,NA
Muscatine County IA,19139,14
O'Brien County IA,19141,40
Osceola County IA,19143,NA
Page County IA,19145,NA
Palo Alto County IA,19147,NA
Plymouth County IA,19149,37
Pocahontas County IA,19151,NA
Polk County IA,19153,31
Pottawattamie County IA,19155,34
Poweshiek County IA,19157,35
Ringgold County IA,19159,NA
Sac County IA,19161,NA
Scott County IA,19163,28
Shelby County IA,19165,24
Sioux County IA,19167,29
Story County IA,19169,35
Tama County IA,19171,27
Taylor County IA,19173,NA
Union County IA,19175,NA
Van Buren County IA,19177,37
Wapello County IA,19179,40
Warren County IA,19181,24
Washington County IA,19183,0
Wayne County IA,19185,NA
Webster County IA,19187,NA
Winnebago County IA,19189,42
Winneshiek County IA,19191,31
Woodbury County IA,19193,NA
Worth County IA,19195,40
Wright County IA,19197,NA
Allen County KS,20001,41
Anderson County KS,20003,31
Atchison County KS,20005,30
Barber County KS,20007,NA
Barton County KS,20009,NA
Bourbon County KS,20011,NA
Brown County KS,20013,NA
Butler County KS,20015,22
Chase County KS,20017,NA
Chautauqua County KS,20019,NA
Cherokee County KS,20021,39
Cheyenne County KS,20023,NA
Clark County KS,20025,NA
Clay County KS,20027,NA
Cloud County KS,20029,NA
Coffey County KS,20031,42
Comanche County KS,20033,NA
Cowley County KS,20035,28
Crawford County KS,20037,NA
Decatur County KS,20039,NA
Dickinson County KS,20041,NA
Doniphan County KS,20043,33
Douglas County KS,20045,19
Edwards County KS,20047,NA
Elk County KS,20049,NA
Ellis County KS,20051,NA
Ellsworth County KS,20053,NA
Finney County KS,20055,NA
Ford County KS,20057,NA
Franklin County KS,20059,27
Geary County KS,20061,NA
Gove County KS,20063,NA
Graham County KS,20065,NA
Grant County KS,20067,NA
Gray County KS,20069,NA
Greeley County KS,20071,NA
Greenwood County KS,20073,32
Hamilton County KS,20075,NA
Harper County KS,20077,38
Harvey County KS,20079,27
Haskell County KS,20081,NA
Hodgeman County KS,20083,NA
Jackson County KS,20085,31
Jefferson County KS,20087,24
Jewell County KS,20089,NA
Johnson County KS,20091,16
Kearny County KS,20093,NA
Kingman County KS,20095,32
Kiowa County KS,20097,NA
Labette County KS,20099,NA
Lane County KS,20101,NA
Leavenworth County KS,20103,18
Lincoln County KS,20105,NA
Linn County KS,20107,21
Logan County KS,20109,NA
Lyon County KS,20111,37
McPherson County KS,20113,39
Marion County KS,20115,32
Marshall County KS,20117,NA
Meade County KS,20119,NA
Miami County KS,20121,14
Mitchell County KS,20123,NA
Montgomery County KS,20125,38
Morris County KS,20127,NA
Morton County KS,20129,NA
Nemaha County KS,20131,42
Neosho County KS,20133,NA
Ness County KS,20135,NA
Norton County KS,20137,NA
Osage County KS,20139,28
Osborne County KS,20141,NA
Ottawa County KS,20143,NA
Pawnee County KS,20145,NA
Phillips County KS,20147,NA
Pottawatomie County KS,20149,36
Pratt County KS,20151,NA
Rawlins County KS,20153,NA
Reno County KS,20155,35
Republic County KS,20157,NA
Rice County KS,20159,42
Riley County KS,20161,37
Rooks County KS,20163,NA
Rush County KS,20165,NA
Russell County KS,20167,NA
Saline County KS,20169,NA
Scott County KS,20171,NA
Sedgwick County KS,20173,23
Seward County KS,20175,NA
Shawnee County KS,20177,33
Sheridan County KS,20179,NA
Sherman County KS,20181,NA
Smith County KS,20183,NA
Stafford County KS,20185,NA
Stanton County KS,20187,NA
Stevens County KS,20189,NA
Sumner County KS,20191,20
Thomas County KS,20193,NA
Trego County KS,20195,NA
Wabaunsee County KS,20197,38
Wallace County KS,20199,NA
Washington County KS,20201,NA
Wichita County KS,20203,NA
Wilson County KS,20205,NA
Woodson County KS,20207,NA
Wyandotte County KS,20209,19
Adair County KY,21001,NA
Allen County KY,21003,29
Anderson County KY,21005,20
Ballard County KY,21007,NA
Barren County KY,21009,NA
Bath County KY,21011,24
Bell County KY,21013,41
Boone County KY,21015,31
Bourbon County KY,21017,17
Boyd County KY,21019,NA
Boyle County KY,21021,36
Bracken County KY,21023,34
Breathitt County KY,21025,NA
Breckinridge County KY,21027,32
Bullitt County KY,21029,11
Butler County KY,21031,38
Caldwell County KY,21033,42
Calloway County KY,21035,NA
Campbell County KY,21037,34
Carlisle County KY,21039,NA
Carroll County KY,21041,34
Carter County KY,21043,38
Casey County KY,21045,31
Christian County KY,21047,32
Clark County KY,21049,21
Clay County KY,21051,NA
Clinton County KY,21053,NA
Crittenden County KY,21055,NA
Cumberland County KY,21057,NA
Daviess County KY,21059,NA
Edmonson County KY,21061,39
Elliott County KY,21063,NA
Estill County KY,21065,24
Fayette County KY,21067,22
Fleming County KY,21069,38
Floyd County KY,21071,NA
Franklin County KY,21073,23
Fulton County KY,21075,NA
Gallatin County KY,21077,39
Garrard County KY,21079,20
Grant County KY,21081,27
Graves County KY,21083,NA
Grayson County KY,21085,42
Green County KY,21087,NA
Greenup County KY,21089,NA
Hancock County KY,21091,NA
Hardin County KY,21093,30
Harlan County KY,21095,NA
Harrison County KY,21097,20
Hart County KY,21099,38
Henderson County KY,21101,NA
Henry County KY,21103,24
Hickman County KY,21105,NA
Hopkins County KY,21107,NA
Jackson County KY,21109,33
Jefferson County KY,21111,25
Jessamine County KY,21113,8
Johnson County KY,21115,NA
Kenton County KY,21117,NA
Knott County KY,21119,NA
Knox County KY,21121,NA
Larue County KY,21123,30
Laurel County KY,21125,40
Lawrence County KY,21127,NA
Lee County KY,21129,NA
Leslie County KY,21131,NA
Letcher County KY,21133,NA
Lewis County KY,21135,42
Lincoln County KY,21137,24
Livingston County KY,21139,NA
Logan County KY,21141,30
Lyon County KY,21143,NA
McCracken County KY,21145,NA
McCreary County KY,21147,NA
McLean County KY,21149,NA
Madison County KY,21151,22
Magoffin County KY,21153,NA
Marion County KY,21155,38
Marshall County KY,21157,NA
Martin County KY,21159,NA
Mason County KY,21161,39
Meade County KY,21163,23
Menifee County KY,21165,26
Mercer County KY,21167,26
Metcalfe County KY,21169,NA
Monroe County KY,21171,NA
Montgomery County KY,21173,17
Morgan County KY,21175,35
Muhlenberg County KY,21177,NA
Nelson County KY,21179,28
Nicholas County KY,21181,23
Ohio County KY,21183,NA
Oldham County KY,21185,20
Owen County KY,21187,29
Owsley County KY,21189,NA
Pendleton County KY,21191,28
Perry County KY,21193,NA
Pike County KY,21195,NA
Powell County KY,21197,23
Pulaski County KY,21199,NA
Robertson County KY,21201,37
Rockcastle County KY,21203,27
Rowan County KY,21205,35
Russell County KY,21207,NA
Scott County KY,21209,18
Shelby County KY,21211,17
Simpson County KY,21213,23
Spencer County KY,21215,20
Taylor County KY,21217,NA
Todd County KY,21219,28
Trigg County KY,21221,34
Trimble County KY,21223,30
Union County KY,21225,NA
Warren County KY,21227,37
Washington County KY,21229,28
Wayne County KY,21231,NA
Webster County KY,21233,NA
Whitley County KY,21235,NA
Wolfe County KY,21237,NA
Woodford County KY,21239,14
Acadia Parish LA,22001,18
Allen Parish LA,22003,30
Ascension Parish LA,22005,10
Assumption Parish LA,22007,15
Avoyelles Parish LA,22009,32
Beauregard Parish LA,22011,36
Bienville Parish LA,22013,20
Bossier Parish LA,22015,5
Caddo Parish LA,22017,11
Calcasieu Parish LA,22019,33
Caldwell Parish LA,22021,29
Cameron Parish LA,22023,30
Catahoula Parish LA,22025,41
Claiborne Parish LA,22027,28
Concordia Parish LA,22029,37
De Soto Parish LA,22031,7
East Baton Rouge Parish LA,22033,13
East Carroll Parish LA,22035,NA
East Feliciana Parish LA,22037,13
Evangeline Parish LA,22039,30
Franklin Parish LA,22041,42
Grant Parish LA,22043,34
Iberia Parish LA,22045,20
Iberville Parish LA,22047,10
Jackson Parish LA,22049,31
Jefferson Parish LA,22051,9
Jefferson Davis Parish LA,22053,27
Lafayette Parish LA,22055,15
Lafourche Parish LA,22057,14
LaSalle Parish LA,22059,40
Lincoln Parish LA,22061,35
Livingston Parish LA,22063,4
Madison Parish LA,22065,34
Morehouse Parish LA,22067,36
Natchitoches Parish LA,22069,28
Orleans Parish LA,22071,8
Ouachita Parish LA,22073,29
Plaquemines Parish LA,22075,0
Pointe Coupee Parish LA,22077,13
Rapides Parish LA,22079,37
Red River Parish LA,22081,20
Richland Parish LA,22083,32
Sabine Parish LA,22085,21
St. Bernard Parish LA,22087,6
St. Charles Parish LA,22089,9
St. Helena Parish LA,22091,19
St. James Parish LA,22093,11
St. John the Baptist Parish LA,22095,0
St. Landry Parish LA,22097,24
St. Martin Parish LA,22099,10
St. Mary Parish LA,22101,24
St. Tammany Parish LA,22103,13
Tangipahoa Parish LA,22105,19
Tensas Parish LA,22107,NA
Terrebonne Parish LA,22109,15
Union Parish LA,22111,25
Vermilion Parish LA,22113,18
Vernon Parish LA,22115,36
Washington Parish LA,22117,14
Webster Parish LA,22119,25
West Baton Rouge Parish LA,22121,11
West Carroll Parish LA,22123,38
West Feliciana Parish LA,22125,16
Winn Parish LA,22127,NA
Androscoggin County ME,23001,27
Aroostook County ME,23003,NA
Cumberland County ME,23005,11
Franklin County ME,23007,31
Hancock County ME,23009,33
Kennebec County ME,23011,27
Knox County ME,23013,33
Lincoln County ME,23015,24
Oxford County ME,23017,21
Penobscot County ME,23019,36
Piscataquis County ME,23021,34
Sagadahoc County ME,23023,12
Somerset County ME,23025,29
Waldo County ME,23027,31
Washington County ME,23029,37
York County ME,23031,3
Allegany County MD,24001,37
Anne Arundel County MD,24003,11
Baltimore County MD,24005,10
Calvert County MD,24009,9
Caroline County MD,24011,23
Carroll County MD,24013,13
Cecil County MD,24015,14
Charles County MD,24017,8
Dorchester County MD,24019,33
Frederick County MD,24021,10
Garrett County MD,24023,38
Harford County MD,24025,12
Howard County MD,24027,4
Kent County MD,24029,26
Montgomery County MD,24031,15
Prince George's County MD,24033,10
Queen Anne's County MD,24035,14
St. Mary's County MD,24037,16
Somerset County MD,24039,31
Talbot County MD,24041,30
Washington County MD,24043,23
Wicomico County MD,24045,35
Worcester County MD,24047,26
Baltimore city MD,24510,18
Barnstable County MA,25001,0
Berkshire County MA,25003,2
Bristol County MA,25005,8
Dukes County MA,25007,21
Essex County MA,25009,0
Franklin County MA,25011,0
Hampden County MA,25013,11
Hampshire County MA,25015,3
Middlesex County MA,25017,2
Nantucket County MA,25019,31
Norfolk County MA,25021,0
Plymouth County MA,25023,0
Suffolk County MA,25025,15
Worcester County MA,25027,7
Alcona County MI,26001,24
Alger County MI,26003,NA
Allegan County MI,26005,20
Alpena County MI,26007,36
Antrim County MI,26009,22
Arenac County MI,26011,30
Baraga County MI,26013,NA
Barry County MI,26015,23
Bay County MI,26017,23
Benzie County MI,26019,32
Berrien County MI,26021,19
Branch County MI,26023,31
Calhoun County MI,26025,27
Cass County MI,26027,18
Charlevoix County MI,26029,18
Cheboygan County MI,26031,21
Chippewa County MI,26033,32
Clare County MI,26035,21
Clinton County MI,26037,14
Crawford County MI,26039,34
Delta County MI,26041,NA
Dickinson County MI,26043,NA
Eaton County MI,26045,9
Emmet County MI,26047,29
Genesee County MI,26049,15
Gladwin County MI,26051,21
Gogebic County MI,26053,NA
Grand Traverse County MI,26055,34
Gratiot County MI,26057,31
Hillsdale County MI,26059,19
Houghton County MI,26061,40
Huron County MI,26063,22
Ingham County MI,26065,25
Ionia County MI,26067,20
Iosco County MI,26069,26
Iron County MI,26071,NA
Isabella County MI,26073,23
Jackson County MI,26075,16
Kalamazoo County MI,26077,35
Kalkaska County MI,26079,29
Kent County MI,26081,24
Keweenaw County MI,26083,NA
Lake County MI,26085,37
Lapeer County MI,26087,8
Leelanau County MI,26089,24
Lenawee County MI,26091,11
Livingston County MI,26093,5
Luce County MI,26095,NA
Mackinac County MI,26097,34
Macomb County MI,26099,0
Manistee County MI,26101,32
Marquette County MI,26103,39
Mason County MI,26105,35
Mecosta County MI,26107,26
Menominee County MI,26109,42
Midland County MI,26111,27
Missaukee County MI,26113,37
Monroe County MI,26115,7
Montcalm County MI,26117,26
Montmorency County MI,26119,28
Muskegon County MI,26121,31
Newaygo County MI,26123,30
Oakland County MI,26125,0
Oceana County MI,26127,24
Ogemaw County MI,26129,30
Ontonagon County MI,26131,NA
Osceola County MI,26133,29
Oscoda County MI,26135,29
Otsego County MI,26137,34
Ottawa County MI,26139,18
Presque Isle County MI,26141,26
Roscommon County MI,26143,24
Saginaw County MI,26145,28
St. Clair County MI,26147,15
St. Joseph County MI,26149,28
Sanilac County MI,26151,10
Schoolcraft County MI,26153,NA
Shiawassee County MI,26155,18
Tuscola County MI,26157,10
Van Buren County MI,26159,27
Washtenaw County MI,26161,9
Wayne County MI,26163,0
Wexford County MI,26165,39
Aitkin County MN,27001,42
Anoka County MN,27003,25
Becker County MN,27005,NA
Beltrami County MN,27007,NA
Benton County MN,27009,18
Big Stone County MN,27011,NA
Blue Earth County MN,27013,33
Brown County MN,27015,38
Carlton County MN,27017,NA
Carver County MN,27019,26
Cass County MN,27021,33
Chippewa County MN,27023,NA
Chisago County MN,27025,25
Clay County MN,27027,30
Clearwater County MN,27029,NA
Cook County MN,27031,NA
Cottonwood County MN,27033,38
Crow Wing County MN,27035,35
Dakota County MN,27037,5
Dodge County MN,27039,12
Douglas County MN,27041,39
Faribault County MN,27043,34
Fillmore County MN,27045,13
Freeborn County MN,27047,35
Goodhue County MN,27049,17
Grant County MN,27051,NA
Hennepin County MN,27053,24
Houston County MN,27055,28
Hubbard County MN,27057,NA
Isanti County MN,27059,27
Itasca County MN,27061,NA
Jackson County MN,27063,37
Kanabec County MN,27065,35
Kandiyohi County MN,27067,39
Kittson County MN,27069,NA
Koochiching County MN,27071,NA
Lac qui Parle County MN,27073,NA
Lake County MN,27075,NA
Lake of the Woods County MN,27077,NA
Le Sueur County MN,27079,22
Lincoln County MN,27081,NA
Lyon County MN,27083,NA
McLeod County MN,27085,29
Mahnomen County MN,27087,NA
Marshall County MN,27089,NA
Martin County MN,27091,22
Meeker County MN,27093,29
Mille Lacs County MN,27095,30
Morrison County MN,27097,34
Mower County MN,27099,13
Murray County MN,27101,NA
Nicollet County MN,27103,25
Nobles County MN,27105,NA
Norman County MN,27107,NA
Olmsted County MN,27109,19
Otter Tail County MN,27111,40
Pennington County MN,27113,NA
Pine County MN,27115,27
Pipestone County MN,27117,38
Polk County MN,27119,NA
Pope County MN,27121,NA
Ramsey County MN,27123,23
Red Lake County MN,27125,NA
Redwood County MN,27127,NA
Renville County MN,27129,NA
Rice County MN,27131,21
Rock County MN,27133,32
Roseau County MN,27135,NA
St. Louis County MN,27137,NA
Scott County MN,27139,9
Sherburne County MN,27141,14
Sibley County MN,27143,27
Stearns County MN,27145,33
Steele County MN,27147,18
Stevens County MN,27149,NA
Swift County MN,27151,NA
Todd County MN,27153,35
Traverse County MN,27155,NA
Wabasha County MN,27157,12
Wadena County MN,27159,NA
Waseca County MN,27161,28
Washington County MN,27163,14
Watonwan County MN,27165,32
Wilkin County MN,27167,NA
Winona County MN,27169,22
Wright County MN,27171,13
Yellow Medicine County MN,27173,NA
Adams County MS,28001,40
Alcorn County MS,28003,38
Amite County MS,28005,28
Attala County MS,28007,38
Benton County MS,28009,17
Bolivar County MS,28011,32
Calhoun County MS,28013,41
Carroll County MS,28015,38
Chickasaw County MS,28017,42
Choctaw County MS,28019,NA
Claiborne County MS,28021,31
Clarke County MS,28023,NA
Clay County MS,28025,NA
Coahoma County MS,28027,32
Copiah County MS,28029,7
Covington County MS,28031,25
DeSoto County MS,28033,18
Forrest County MS,28035,30
Franklin County MS,28037,36
George County MS,28039,37
Greene County MS,28041,39
Grenada County MS,28043,38
Hancock County MS,28045,18
Harrison County MS,28047,24
Hinds County MS,28049,41
Holmes County MS,28051,36
Humphreys County MS,28053,NA
Issaquena County MS,28055,NA
Itawamba County MS,28057,38
Jackson County MS,28059,29
Jasper County MS,28061,33
Jefferson County MS,28063,38
Jefferson Davis County MS,28065,27
Jones County MS,28067,30
Kemper County MS,28069,NA
Lafayette County MS,28071,34
Lamar County MS,28073,24
Lauderdale County MS,28075,NA
Lawrence County MS,28077,31
Leake County MS,28079,33
Lee County MS,28081,NA
Leflore County MS,28083,38
Lincoln County MS,28085,30
Lowndes County MS,28087,42
Madison County MS,28089,22
Marion County MS,28091,28
Marshall County MS,28093,9
Monroe County MS,28095,NA
Montgomery County MS,28097,38
Neshoba County MS,28099,39
Newton County MS,28101,41
Noxubee County MS,28103,32
Oktibbeha County MS,28105,42
Panola County MS,28107,23
Pearl River County MS,28109,12
Perry County MS,28111,29
Pike County MS,28113,35
Pontotoc County MS,28115,32
Prentiss County MS,28117,NA
Quitman County MS,28119,30
Rankin County MS,28121,26
Scott County MS,28123,31
Sharkey County MS,28125,NA
Simpson County MS,28127,25
Smith County MS,28129,31
Stone County MS,28131,23
Sunflower County MS,28133,31
Tallahatchie County MS,28135,31
Tate County MS,28137,11
Tippah County MS,28139,22
Tishomingo County MS,28141,35
Tunica County MS,28143,16
Union County MS,28145,36
Walthall County MS,28147,29
Warren County MS,28149,41
Washington County MS,28151,25
Wayne County MS,28153,42
Webster County MS,28155,NA
Wilkinson County MS,28157,23
Winston County MS,28159,NA
Yalobusha County MS,28161,31
Yazoo County MS,28163,29
Adair County MO,29001,NA
Andrew County MO,29003,26
Atchison County MO,29005,NA
Audrain County MO,29007,42
Barry County MO,29009,24
Barton County MO,29011,NA
Bates County MO,29013,29
Benton County MO,29015,23
Bollinger County MO,29017,39
Boone County MO,29019,NA
Buchanan County MO,29021,27
Butler County MO,29023,NA
Caldwell County MO,29025,29
Callaway County MO,29027,31
Camden County MO,29029,41
Cape Girardeau County MO,29031,NA
Carroll County MO,29033,28
Carter County MO,29035,NA
Cass County MO,29037,14
Cedar County MO,29039,29
Chariton County MO,29041,41
Christian County MO,29043,10
Clark County MO,29045,NA
Clay County MO,29047,25
Clinton County MO,29049,22
Cole County MO,29051,40
Cooper County MO,29053,37
Crawford County MO,29055,20
Dade County MO,29057,25
Dallas County MO,29059,21
Daviess County MO,29061,36
DeKalb County MO,29063,27
Dent County MO,29065,41
Douglas County MO,29067,25
Dunklin County MO,29069,NA
Franklin County MO,29071,23
Gasconade County MO,29073,22
Gentry County MO,29075,38
Greene County MO,29077,18
Grundy County MO,29079,NA
Harrison County MO,29081,42
Henry County MO,29083,23
Hickory County MO,29085,28
Holt County MO,29087,40
Howard County MO,29089,NA
Howell County MO,29091,NA
Iron County MO,29093,34
Jackson County MO,29095,13
Jasper County MO,29097,NA
Jefferson County MO,29099,14
Johnson County MO,29101,19
Knox County MO,29103,NA
Laclede County MO,29105,31
Lafayette County MO,29107,17
Lawrence County MO,29109,19
Lewis County MO,29111,42
Lincoln County MO,29113,14
Linn County MO,29115,37
Livingston County MO,29117,NA
McDonald County MO,29119,40
Macon County MO,29121,39
Madison County MO,29123,40
Maries County MO,29125,39
Marion County MO,29127,40
Mercer County MO,29129,NA
Miller County MO,29131,36
Mississippi County MO,29133,NA
Moniteau County MO,29135,40
Monroe County MO,29137,NA
Montgomery County MO,29139,25
Morgan County MO,29141,36
New Madrid County MO,29143,NA
Newton County MO,29145,34
Nodaway County MO,29147,32
Oregon County MO,29149,NA
Osage County MO,29151,40
Ozark County MO,29153,37
Pemiscot County MO,29155,NA
Perry County MO,29157,31
Pettis County MO,29159,31
Phelps County MO,29161,41
Pike County MO,29163,24
Platte County MO,29165,14
Polk County MO,29167,25
Pulaski County MO,29169,37
Putnam County MO,29171,NA
Ralls County MO,29173,36
Randolph County MO,29175,NA
Ray County MO,29177,16
Reynolds County MO,29179,40
Ripley County MO,29181,NA
St. Charles County MO,29183,12
St. Clair County MO,29185,25
Ste. Genevieve County MO,29186,20
St. Francois County MO,29187,24
St. Louis County MO,29189,13
Saline County MO,29195,33
Schuyler County MO,29197,NA
Scotland County MO,29199,NA
Scott County MO,29201,NA
Shannon County MO,29203,NA
Shelby County MO,29205,NA
Stoddard County MO,29207,NA
Stone County MO,29209,19
Sullivan County MO,29211,NA
Taney County MO,29213,32
Texas County MO,29215,39
Vernon County MO,29217,42
Warren County MO,29219,11
Washington County MO,29221,20
Wayne County MO,29223,NA
Webster County MO,29225,15
Worth County MO,29227,NA
Wright County MO,29229,26
St. Louis city MO,29510,24
Beaverhead County MT,30001,30
Big Horn County MT,30003,28
Blaine County MT,30005,NA
Broadwater County MT,30007,12
Carbon County MT,30009,20
Carter County MT,30011,NA
Cascade County MT,30013,NA
Chouteau County MT,30015,NA
Custer County MT,30017,NA
Daniels County MT,30019,NA
Dawson County MT,30021,NA
Deer Lodge County MT,30023,41
Fallon County MT,30025,NA
Fergus County MT,30027,NA
Flathead County MT,30029,NA
Gallatin County MT,30031,0
Garfield County MT,30033,NA
Glacier County MT,30035,NA
Golden Valley County MT,30037,NA
Granite County MT,30039,NA
Hill County MT,30041,NA
Jefferson County MT,30043,20
Judith Basin County MT,30045,NA
Lake County MT,30047,NA
Lewis and Clark County MT,30049,19
Liberty County MT,30051,NA
Lincoln County MT,30053,41
McCone County MT,30055,NA
Madison County MT,30057,17
Meagher County MT,30059,40
Mineral County MT,30061,NA
Missoula County MT,30063,NA
Musselshell County MT,30065,26
Park County MT,30067,21
Petroleum County MT,30069,NA
Phillips County MT,30071,NA
Pondera County MT,30073,NA
Powder River County MT,30075,NA
Powell County MT,30077,37
Prairie County MT,30079,NA
Ravalli County MT,30081,39
Richland County MT,30083,NA
Roosevelt County MT,30085,NA
Rosebud County MT,30087,40
Sanders County MT,30089,NA
Sheridan County MT,30091,36
Silver Bow County MT,30093,33
Stillwater County MT,30095,20
Sweet Grass County MT,30097,32
Teton County MT,30099,NA
Toole County MT,30101,NA
Treasure County MT,30103,NA
Valley County MT,30105,NA
Wheatland County MT,30107,NA
Wibaux County MT,30109,NA
Yellowstone County MT,30111,17
Adams County NE,31001,NA
Antelope County NE,31003,38
Arthur County NE,31005,NA
Banner County NE,31007,NA
Blaine County NE,31009,NA
Boone County NE,31011,NA
Box Butte County NE,31013,NA
Boyd County NE,31015,42
Brown County NE,31017,NA
Buffalo County NE,31019,NA
Burt County NE,31021,38
Butler County NE,31023,NA
Cass County NE,31025,18
Cedar County NE,31027,30
Chase County NE,31029,NA
Cherry County NE,31031,NA
Cheyenne County NE,31033,NA
Clay County NE,31035,NA
Colfax County NE,31037,NA
Cuming County NE,31039,NA
Custer County NE,31041,NA
Dakota County NE,31043,41
Dawes County NE,31045,NA
Dawson County NE,31047,NA
Deuel County NE,31049,NA
Dixon County NE,31051,NA
Dodge County NE,31053,36
Douglas County NE,31055,37
Dundy County NE,31057,NA
Fillmore County NE,31059,NA
Franklin County NE,31061,NA
Frontier County NE,31063,NA
Furnas County NE,31065,NA
Gage County NE,31067,NA
Garden County NE,31069,NA
Garfield County NE,31071,NA
Gosper County NE,31073,NA
Grant County NE,31075,NA
Greeley County NE,31077,NA
Hall County NE,31079,NA
Hamilton County NE,31081,NA
Harlan County NE,31083,NA
Hayes County NE,31085,NA
Hitchcock County NE,31087,NA
Holt County NE,31089,39
Hooker County NE,31091,NA
Howard County NE,31093,NA
Jefferson County NE,31095,NA
Johnson County NE,31097,NA
Kearney County NE,31099,NA
Keith County NE,31101,NA
Keya Paha County NE,31103,NA
Kimball County NE,31105,37
Knox County NE,31107,13
Lancaster County NE,31109,NA
Lincoln County NE,31111,NA
Logan County NE,31113,NA
Loup County NE,31115,NA
McPherson County NE,31117,NA
Madison County NE,31119,NA
Merrick County NE,31121,NA
Morrill County NE,31123,NA
Nance County NE,31125,NA
Nemaha County NE,31127,NA
Nuckolls County NE,31129,NA
Otoe County NE,31131,33
Pawnee County NE,31133,NA
Perkins County NE,31135,NA
Phelps County NE,31137,NA
Pierce County NE,31139,35
Platte County NE,31141,NA
Polk County NE,31143,NA
Red Willow County NE,31145,NA
Richardson County NE,31147,NA
Rock County NE,31149,NA
Saline County NE,31151,NA
Sarpy County NE,31153,26
Saunders County NE,31155,30
Scotts Bluff County NE,31157,NA
Seward County NE,31159,NA
Sheridan County NE,31161,NA
Sherman County NE,31163,NA
Sioux County NE,31165,NA
Stanton County NE,31167,NA
Thayer County NE,31169,NA
Thomas County NE,31171,NA
Thurston County NE,31173,NA
Valley County NE,31175,NA
Washington County NE,31177,22
Wayne County NE,31179,41
Webster County NE,31181,NA
Wheeler County NE,31183,NA
York County NE,31185,NA
Churchill County NV,32001,NA
Clark County NV,32003,22
Douglas County NV,32005,20
Elko County NV,32007,40
Esmeralda County NV,32009,NA
Eureka County NV,32011,NA
Humboldt County NV,32013,NA
Lander County NV,32015,NA
Lincoln County NV,32017,40
Lyon County NV,32019,24
Mineral County NV,32021,NA
Nye County NV,32023,19
Pershing County NV,32027,NA
Storey County NV,32029,38
Washoe County NV,32031,37
White Pine County NV,32033,NA
Carson City NV,32510,34
Belknap County NH,33001,16
Carroll County NH,33003,18
Cheshire County NH,33005,21
Coos County NH,33007,28
Grafton County NH,33009,25
Hillsborough County NH,33011,16
Merrimack County NH,33013,16
Rockingham County NH,33015,8
Strafford County NH,33017,15
Sullivan County NH,33019,11
Atlantic County NJ,34001,17
Bergen County NJ,34003,0
Burlington County NJ,34005,9
Camden County NJ,34007,10
Cape May County NJ,34009,20
Cumberland County NJ,34011,17
Essex County NJ,34013,7
Gloucester County NJ,34015,0
Hudson County NJ,34017,0
Hunterdon County NJ,34019,3
Mercer County NJ,34021,8
Middlesex County NJ,34023,2
Monmouth County NJ,34025,0
Morris County NJ,34027,3
Ocean County NJ,34029,2
Passaic County NJ,34031,0
Salem County NJ,34033,18
Somerset County NJ,34035,0
Sussex County NJ,34037,0
Union County NJ,34039,0
Warren County NJ,34041,5
Bernalillo County NM,35001,25
Catron County NM,35003,NA
Chaves County NM,35005,NA
Cibola County NM,35006,34
Colfax County NM,35007,NA
Curry County NM,35009,NA
De Baca County NM,35011,NA
Doa Ana County NM,35013,42
Eddy County NM,35015,NA
Grant County NM,35017,39
Guadalupe County NM,35019,41
Harding County NM,35021,NA
Hidalgo County NM,35023,NA
Lea County NM,35025,NA
Lincoln County NM,35027,NA
Los Alamos County NM,35028,31
Luna County NM,35029,NA
McKinley County NM,35031,35
Mora County NM,35033,NA
Otero County NM,35035,NA
Quay County NM,35037,NA
Rio Arriba County NM,35039,30
Roosevelt County NM,35041,NA
Sandoval County NM,35043,11
San Juan County NM,35045,23
San Miguel County NM,35047,36
Santa Fe County NM,35049,22
Sierra County NM,35051,37
Socorro County NM,35053,31
Taos County NM,35055,34
Torrance County NM,35057,8
Union County NM,35059,NA
Valencia County NM,35061,18
Albany County NY,36001,12
Allegany County NY,36003,28
Bronx County NY,36005,0
Broome County NY,36007,15
Cattaraugus County NY,36009,36
Cayuga County NY,36011,22
Chautauqua County NY,36013,34
Chemung County NY,36015,30
Chenango County NY,36017,21
Clinton County NY,36019,30
Columbia County NY,36021,5
Cortland County NY,36023,25
Delaware County NY,36025,2
Dutchess County NY,36027,0
Erie County NY,36029,30
Essex County NY,36031,14
Franklin County NY,36033,34
Fulton County NY,36035,18
Genesee County NY,36037,20
Greene County NY,36039,3
Hamilton County NY,36041,28
Herkimer County NY,36043,7
Jefferson County NY,36045,31
Kings County NY,36047,0
Lewis County NY,36049,34
Livingston County NY,36051,16
Madison County NY,36053,19
Monroe County NY,36055,12
Montgomery County NY,36057,18
Nassau County NY,36059,0
New York County NY,36061,0
Niagara County NY,36063,30
Oneida County NY,36065,23
Onondaga County NY,36067,18
Ontario County NY,36069,19
Orange County NY,36071,0
Orleans County NY,36073,16
Oswego County NY,36075,18
Otsego County NY,36077,20
Putnam County NY,36079,0
Queens County NY,36081,0
Rensselaer County NY,36083,7
Richmond County NY,36085,0
Rockland County NY,36087,0
St. Lawrence County NY,36089,38
Saratoga County NY,36091,0
Schenectady County NY,36093,10
Schoharie County NY,36095,10
Schuyler County NY,36097,28
Seneca County NY,36099,17
Steuben County NY,36101,22
Suffolk County NY,36103,0
Sullivan County NY,36105,0
Tioga County NY,36107,12
Tompkins County NY,36109,22
Ulster County NY,36111,0
Warren County NY,36113,15
Washington County NY,36115,5
Wayne County NY,36117,15
Westchester County NY,36119,0
Wyoming County NY,36121,22
Yates County NY,36123,23
Alamance County NC,37001,21
Alexander County NC,37003,22
Alleghany County NC,37005,NA
Anson County NC,37007,18
Ashe County NC,37009,39
Avery County NC,37011,NA
Beaufort County NC,37013,17
Bertie County NC,37015,36
Bladen County NC,37017,35
Brunswick County NC,37019,32
Buncombe County NC,37021,NA
Burke County NC,37023,31
Cabarrus County NC,37025,17
Caldwell County NC,37027,31
Camden County NC,37029,39
Carteret County NC,37031,34
Caswell County NC,37033,26
Catawba County NC,37035,26
Chatham County NC,37037,12
Cherokee County NC,37039,41
Chowan County NC,37041,NA
Clay County NC,37043,NA
Cleveland County NC,37045,26
Columbus County NC,37047,38
Craven County NC,37049,41
Cumberland County NC,37051,35
Currituck County NC,37053,30
Dare County NC,37055,37
Davidson County NC,37057,27
Davie County NC,37059,17
Duplin County NC,37061,31
Durham County NC,37063,21
Edgecombe County NC,37065,33
Forsyth County NC,37067,36
Franklin County NC,37069,11
Gaston County NC,37071,22
Gates County NC,37073,37
Graham County NC,37075,NA
Granville County NC,37077,19
Greene County NC,37079,28
Guilford County NC,37081,19
Halifax County NC,37083,39
Harnett County NC,37085,21
Haywood County NC,37087,NA
Henderson County NC,37089,36
Hertford County NC,37091,NA
Hoke County NC,37093,29
Hyde County NC,37095,36
Iredell County NC,37097,20
Jackson County NC,37099,NA
Johnston County NC,37101,16
Jones County NC,37103,38
Lee County NC,37105,23
Lenoir County NC,37107,34
Lincoln County NC,37109,23
McDowell County NC,37111,NA
Macon County NC,37113,NA
Madison County NC,37115,NA
Martin County NC,37117,35
Mecklenburg County NC,37119,9
Mitchell County NC,37121,NA
Montgomery County NC,37123,22
Moore County NC,37125,39
Nash County NC,37127,29
New Hanover County NC,37129,34
Northampton County NC,37131,35
Onslow County NC,37133,33
Orange County NC,37135,21
Pamlico County NC,37137,30
Pasquotank County NC,37139,39
Pender County NC,37141,26
Perquimans County NC,37143,41
Person County NC,37145,20
Pitt County NC,37147,39
Polk County NC,37149,33
Randolph County NC,37151,20
Richmond County NC,37153,36
Robeson County NC,37155,39
Rockingham County NC,37157,21
Rowan County NC,37159,18
Rutherford County NC,37161,30
Sampson County NC,37163,27
Scotland County NC,37165,40
Stanly County NC,37167,18
Stokes County NC,37169,21
Surry County NC,37171,31
Swain County NC,37173,NA
Transylvania County NC,37175,NA
Tyrrell County NC,37177,NA
Union County NC,37179,12
Vance County NC,37181,30
Wake County NC,37183,13
Warren County NC,37185,28
Washington County NC,37187,33
Watauga County NC,37189,37
Wayne County NC,37191,24
Wilkes County NC,37193,34
Wilson County NC,37195,28
Yadkin County NC,37197,22
Yancey County NC,37199,NA
Adams County ND,38001,NA
Barnes County ND,38003,NA
Benson County ND,38005,NA
Billings County ND,38007,NA
Bottineau County ND,38009,NA
Bowman County ND,38011,NA
Burke County ND,38013,NA
Burleigh County ND,38015,NA
Cass County ND,38017,NA
Cavalier County ND,38019,NA
Dickey County ND,38021,NA
Divide County ND,38023,NA
Dunn County ND,38025,NA
Eddy County ND,38027,NA
Emmons County ND,38029,NA
Foster County ND,38031,NA
Golden Valley County ND,38033,NA
Grand Forks County ND,38035,NA
Grant County ND,38037,NA
Griggs County ND,38039,NA
Hettinger County ND,38041,NA
Kidder County ND,38043,NA
LaMoure County ND,38045,NA
Logan County ND,38047,NA
McHenry County ND,38049,NA
McIntosh County ND,38051,NA
McKenzie County ND,38053,NA
McLean County ND,38055,NA
Mercer County ND,38057,NA
Morton County ND,38059,NA
Mountrail County ND,38061,NA
Nelson County ND,38063,NA
Oliver County ND,38065,NA
Pembina County ND,38067,NA
Pierce County ND,38069,NA
Ramsey County ND,38071,NA
Ransom County ND,38073,NA
Renville County ND,38075,NA
Richland County ND,38077,NA
Rolette County ND,38079,NA
Sargent County ND,38081,NA
Sheridan County ND,38083,NA
Sioux County ND,38085,NA
Slope County ND,38087,NA
Stark County ND,38089,42
Steele County ND,38091,NA
Stutsman County ND,38093,NA
Towner County ND,38095,NA
Traill County ND,38097,NA
Walsh County ND,38099,NA
Ward County ND,38101,NA
Wells County ND,38103,NA
Williams County ND,38105,28
Adams County OH,39001,39
Allen County OH,39003,NA
Ashland County OH,39005,17
Ashtabula County OH,39007,22
Athens County OH,39009,31
Auglaize County OH,39011,40
Belmont County OH,39013,25
Brown County OH,39015,31
Butler County OH,39017,30
Carroll County OH,39019,22
Champaign County OH,39021,34
Clark County OH,39023,39
Clermont County OH,39025,38
Clinton County OH,39027,39
Columbiana County OH,39029,26
Coshocton County OH,39031,38
Crawford County OH,39033,38
Cuyahoga County OH,39035,25
Darke County OH,39037,35
Defiance County OH,39039,37
Delaware County OH,39041,23
Erie County OH,39043,22
Fairfield County OH,39045,33
Fayette County OH,39047,42
Franklin County OH,39049,41
Fulton County OH,39051,29
Gallia County OH,39053,NA
Geauga County OH,39055,13
Greene County OH,39057,29
Guernsey County OH,39059,37
Hamilton County OH,39061,NA
Hancock County OH,39063,35
Hardin County OH,39065,37
Harrison County OH,39067,29
Henry County OH,39069,35
Highland County OH,39071,34
Hocking County OH,39073,39
Holmes County OH,39075,31
Huron County OH,39077,25
Jackson County OH,39079,NA
Jefferson County OH,39081,32
Knox County OH,39083,39
Lake County OH,39085,15
Lawrence County OH,39087,NA
Licking County OH,39089,37
Logan County OH,39091,NA
Lorain County OH,39093,10
Lucas County OH,39095,36
Madison County OH,39097,38
Mahoning County OH,39099,24
Marion County OH,39101,42
Medina County OH,39103,11
Meigs County OH,39105,NA
Mercer County OH,39107,38
Miami County OH,39109,35
Monroe County OH,39111,30
Montgomery County OH,39113,NA
Morgan County OH,39115,41
Morrow County OH,39117,35
Muskingum County OH,39119,42
Noble County OH,39121,37
Ottawa County OH,39123,24
Paulding County OH,39125,30
Perry County OH,39127,31
Pickaway County OH,39129,35
Pike County OH,39131,NA
Portage County OH,39133,12
Preble County OH,39135,27
Putnam County OH,39137,32
Richland County OH,39139,37
Ross County OH,39141,41
Sandusky County OH,39143,33
Scioto County OH,39145,NA
Seneca County OH,39147,31
Shelby County OH,39149,38
Stark County OH,39151,28
Summit County OH,39153,17
Trumbull County OH,39155,15
Tuscarawas County OH,39157,36
Union County OH,39159,36
Van Wert County OH,39161,36
Vinton County OH,39163,NA
Warren County OH,39165,34
Washington County OH,39167,NA
Wayne County OH,39169,20
Williams County OH,39171,36
Wood County OH,39173,19
Wyandot County OH,39175,41
Adair County OK,40001,33
Alfalfa County OK,40003,NA
Atoka County OK,40005,42
Beaver County OK,40007,NA
Beckham County OK,40009,39
Blaine County OK,40011,33
Bryan County OK,40013,33
Caddo County OK,40015,27
Canadian County OK,40017,14
Carter County OK,40019,39
Cherokee County OK,40021,37
Choctaw County OK,40023,NA
Cimarron County OK,40025,NA
Cleveland County OK,40027,23
Coal County OK,40029,NA
Comanche County OK,40031,NA
Cotton County OK,40033,41
Craig County OK,40035,30
Creek County OK,40037,7
Custer County OK,40039,32
Delaware County OK,40041,34
Dewey County OK,40043,NA
Ellis County OK,40045,NA
Garfield County OK,40047,NA
Garvin County OK,40049,23
Grady County OK,40051,24
Grant County OK,40053,NA
Greer County OK,40055,37
Harmon County OK,40057,NA
Harper County OK,40059,NA
Haskell County OK,40061,39
Hughes County OK,40063,33
Jackson County OK,40065,30
Jefferson County OK,40067,NA
Johnston County OK,40069,NA
Kay County OK,40071,35
Kingfisher County OK,40073,22
Kiowa County OK,40075,37
Latimer County OK,40077,41
Le Flore County OK,40079,42
Lincoln County OK,40081,16
Logan County OK,40083,21
Love County OK,40085,28
McClain County OK,40087,15
McCurtain County OK,40089,NA
McIntosh County OK,40091,27
Major County OK,40093,40
Marshall County OK,40095,38
Mayes County OK,40097,20
Murray County OK,40099,32
Muskogee County OK,40101,26
Noble County OK,40103,29
Nowata County OK,40105,31
Okfuskee County OK,40107,29
Oklahoma County OK,40109,18
Okmulgee County OK,40111,18
Osage County OK,40113,15
Ottawa County OK,40115,41
Pawnee County OK,40117,21
Payne County OK,40119,27
Pittsburg County OK,40121,40
Pontotoc County OK,40123,41
Pottawatomie County OK,40125,24
Pushmataha County OK,40127,NA
Roger Mills County OK,40129,NA
Rogers County OK,40131,18
Seminole County OK,40133,25
Sequoyah County OK,40135,31
Stephens County OK,40137,35
Texas County OK,40139,NA
Tillman County OK,40141,NA
Tulsa County OK,40143,24
Wagoner County OK,40145,18
Washington County OK,40147,27
Washita County OK,40149,35
Woods County OK,40151,NA
Woodward County OK,40153,NA
Baker County OR,41001,NA
Benton County OR,41003,23
Clackamas County OR,41005,16
Clatsop County OR,41007,30
Columbia County OR,41009,11
Coos County OR,41011,NA
Crook County OR,41013,27
Curry County OR,41015,41
Deschutes County OR,41017,17
Douglas County OR,41019,37
Gilliam County OR,41021,NA
Grant County OR,41023,NA
Harney County OR,41025,NA
Hood River County OR,41027,30
Jackson County OR,41029,40
Jefferson County OR,41031,27
Josephine County OR,41033,31
Klamath County OR,41035,34
Lake County OR,41037,NA
Lane County OR,41039,21
Lincoln County OR,41041,30
Linn County OR,41043,20
Malheur County OR,41045,NA
Marion County OR,41047,11
Morrow County OR,41049,29
Multnomah County OR,41051,19
Polk County OR,41053,2
Sherman County OR,41055,NA
Tillamook County OR,41057,30
Umatilla County OR,41059,25
Union County OR,41061,42
Wallowa County OR,41063,NA
Wasco County OR,41065,41
Washington County OR,41067,10
Wheeler County OR,41069,NA
Yamhill County OR,41071,12
Adams County PA,42001,19
Allegheny County PA,42003,37
Armstrong County PA,42005,33
Beaver County PA,42007,27
Bedford County PA,42009,37
Berks County PA,42011,11
Blair County PA,42013,NA
Bradford County PA,42015,35
Bucks County PA,42017,6
Butler County PA,42019,28
Cambria County PA,42021,39
Cameron County PA,42023,NA
Carbon County PA,42025,17
Centre County PA,42027,38
Chester County PA,42029,8
Clarion County PA,42031,41
Clearfield County PA,42033,41
Clinton County PA,42035,38
Columbia County PA,42037,28
Crawford County PA,42039,40
Cumberland County PA,42041,24
Dauphin County PA,42043,24
Delaware County PA,42045,10
Elk County PA,42047,NA
Erie County PA,42049,41
Fayette County PA,42051,31
Forest County PA,42053,NA
Franklin County PA,42055,29
Fulton County PA,42057,33
Greene County PA,42059,22
Huntingdon County PA,42061,36
Indiana County PA,42063,33
Jefferson County PA,42065,40
Juniata County PA,42067,23
Lackawanna County PA,42069,9
Lancaster County PA,42071,22
Lawrence County PA,42073,30
Lebanon County PA,42075,19
Lehigh County PA,42077,13
Luzerne County PA,42079,22
Lycoming County PA,42081,34
McKean County PA,42083,NA
Mercer County PA,42085,33
Mifflin County PA,42087,37
Monroe County PA,42089,7
Montgomery County PA,42091,3
Montour County PA,42093,NA
Northampton County PA,42095,12
Northumberland County PA,42097,26
Perry County PA,42099,17
Philadelphia County PA,42101,9
Pike County PA,42103,0
Potter County PA,42105,41
Schuylkill County PA,42107,23
Snyder County PA,42109,26
Somerset County PA,42111,36
Sullivan County PA,42113,33
Susquehanna County PA,42115,17
Tioga County PA,42117,29
Union County PA,42119,35
Venango County PA,42121,39
Warren County PA,42123,41
Washington County PA,42125,21
Wayne County PA,42127,12
Westmoreland County PA,42129,32
Wyoming County PA,42131,20
York County PA,42133,19
Bristol County RI,44001,0
Kent County RI,44003,12
Newport County RI,44005,7
Providence County RI,44007,15
Washington County RI,44009,12
Abbeville County SC,45001,36
Aiken County SC,45003,25
Allendale County SC,45005,36
Anderson County SC,45007,33
Bamberg County SC,45009,27
Barnwell County SC,45011,29
Beaufort County SC,45013,30
Berkeley County SC,45015,0
Calhoun County SC,45017,24
Charleston County SC,45019,12
Cherokee County SC,45021,28
Chester County SC,45023,21
Chesterfield County SC,45025,20
Clarendon County SC,45027,23
Colleton County SC,45029,20
Darlington County SC,45031,23
Dillon County SC,45033,33
Dorchester County SC,45035,0
Edgefield County SC,45037,24
Fairfield County SC,45039,17
Florence County SC,45041,34
Georgetown County SC,45043,26
Greenville County SC,45045,25
Greenwood County SC,45047,NA
Hampton County SC,45049,36
Horry County SC,45051,31
Jasper County SC,45053,31
Kershaw County SC,45055,21
Lancaster County SC,45057,17
Laurens County SC,45059,26
Lee County SC,45061,19
Lexington County SC,45063,23
McCormick County SC,45065,34
Marion County SC,45067,35
Marlboro County SC,45069,25
Newberry County SC,45071,29
Oconee County SC,45073,37
Orangeburg County SC,45075,27
Pickens County SC,45077,26
Richland County SC,45079,27
Saluda County SC,45081,27
Spartanburg County SC,45083,25
Sumter County SC,45085,15
Union County SC,45087,28
Williamsburg County SC,45089,21
York County SC,45091,11
Aurora County SD,46003,34
Beadle County SD,46005,30
Bennett County SD,46007,NA
Bon Homme County SD,46009,16
Brookings County SD,46011,33
Brown County SD,46013,NA
Brule County SD,46015,NA
Buffalo County SD,46017,NA
Butte County SD,46019,40
Campbell County SD,46021,NA
Charles Mix County SD,46023,15
Clark County SD,46025,NA
Clay County SD,46027,30
Codington County SD,46029,NA
Corson County SD,46031,NA
Custer County SD,46033,36
Davison County SD,46035,28
Day County SD,46037,NA
Deuel County SD,46039,NA
Dewey County SD,46041,NA
Douglas County SD,46043,27
Edmunds County SD,46045,NA
Fall River County SD,46047,NA
Faulk County SD,46049,NA
Grant County SD,46051,NA
Gregory County SD,46053,35
Haakon County SD,46055,NA
Hamlin County SD,46057,NA
Hand County SD,46059,NA
Hanson County SD,46061,32
Harding County SD,46063,NA
Hughes County SD,46065,NA
Hutchinson County SD,46067,31
Hyde County SD,46069,NA
Jackson County SD,46071,NA
Jerauld County SD,46073,38
Jones County SD,46075,NA
Kingsbury County SD,46077,34
Lake County SD,46079,32
Lawrence County SD,46081,38
Lincoln County SD,46083,34
Lyman County SD,46085,NA
McCook County SD,46087,15
McPherson County SD,46089,NA
Marshall County SD,46091,NA
Meade County SD,46093,28
Mellette County SD,46095,NA
Miner County SD,46097,33
Minnehaha County SD,46099,28
Moody County SD,46101,34
Oglala Lakota County SD,46102,NA
Pennington County SD,46103,26
Perkins County SD,46105,NA
Potter County SD,46107,NA
Roberts County SD,46109,NA
Sanborn County SD,46111,33
Spink County SD,46115,42
Stanley County SD,46117,NA
Sully County SD,46119,NA
Todd County SD,46121,NA
Tripp County SD,46123,NA
Turner County SD,46125,27
Union County SD,46127,32
Walworth County SD,46129,NA
Yankton County SD,46135,31
Ziebach County SD,46137,NA
Anderson County TN,47001,23
Bedford County TN,47003,23
Benton County TN,47005,37
Bledsoe County TN,47007,40
Blount County TN,47009,23
Bradley County TN,47011,37
Campbell County TN,47013,29
Cannon County TN,47015,19
Carroll County TN,47017,40
Carter County TN,47019,38
Cheatham County TN,47021,11
Chester County TN,47023,31
Claiborne County TN,47025,29
Clay County TN,47027,34
Cocke County TN,47029,31
Coffee County TN,47031,29
Crockett County TN,47033,28
Cumberland County TN,47035,32
Davidson County TN,47037,29
Decatur County TN,47039,NA
DeKalb County TN,47041,26
Dickson County TN,47043,14
Dyer County TN,47045,32
Fayette County TN,47047,6
Fentress County TN,47049,33
Franklin County TN,47051,35
Gibson County TN,47053,27
Giles County TN,47055,24
Grainger County TN,47057,20
Greene County TN,47059,36
Grundy County TN,47061,34
Hamblen County TN,47063,37
Hamilton County TN,47065,NA
Hancock County TN,47067,39
Hardeman County TN,47069,16
Hardin County TN,47071,36
Hawkins County TN,47073,31
Haywood County TN,47075,18
Henderson County TN,47077,35
Henry County TN,47079,NA
Hickman County TN,47081,19
Houston County TN,47083,30
Humphreys County TN,47085,23
Jackson County TN,47087,26
Jefferson County TN,47089,24
Johnson County TN,47091,40
Knox County TN,47093,17
Lake County TN,47095,41
Lauderdale County TN,47097,18
Lawrence County TN,47099,30
Lewis County TN,47101,36
Lincoln County TN,47103,25
Loudon County TN,47105,20
McMinn County TN,47107,33
McNairy County TN,47109,33
Macon County TN,47111,19
Madison County TN,47113,37
Marion County TN,47115,33
Marshall County TN,47117,18
Maury County TN,47119,24
Meigs County TN,47121,35
Monroe County TN,47123,22
Montgomery County TN,47125,22
Moore County TN,47127,33
Morgan County TN,47129,25
Obion County TN,47131,42
Overton County TN,47133,28
Perry County TN,47135,37
Pickett County TN,47137,38
Polk County TN,47139,35
Putnam County TN,47141,23
Rhea County TN,47143,32
Roane County TN,47145,23
Robertson County TN,47147,4
Rutherford County TN,47149,14
Scott County TN,47151,28
Sequatchie County TN,47153,37
Sevier County TN,47155,22
Shelby County TN,47157,9
Smith County TN,47159,25
Stewart County TN,47161,31
Sullivan County TN,47163,38
Sumner County TN,47165,13
Tipton County TN,47167,12
Trousdale County TN,47169,22
Unicoi County TN,47171,36
Union County TN,47173,18
Van Buren County TN,47175,38
Warren County TN,47177,30
Washington County TN,47179,40
Wayne County TN,47181,32
Weakley County TN,47183,36
White County TN,47185,27
Williamson County TN,47187,19
Wilson County TN,47189,9
Anderson County TX,48001,28
Andrews County TX,48003,NA
Angelina County TX,48005,NA
Aransas County TX,48007,42
Archer County TX,48009,NA
Armstrong County TX,48011,NA
Atascosa County TX,48013,35
Austin County TX,48015,19
Bailey County TX,48017,NA
Bandera County TX,48019,29
Bastrop County TX,48021,9
Baylor County TX,48023,NA
Bee County TX,48025,NA
Bell County TX,48027,26
Bexar County TX,48029,34
Blanco County TX,48031,22
Borden County TX,48033,NA
Bosque County TX,48035,27
Bowie County TX,48037,NA
Brazoria County TX,48039,10
Brazos County TX,48041,20
Brewster County TX,48043,NA
Briscoe County TX,48045,NA
Brooks County TX,48047,NA
Brown County TX,48049,NA
Burleson County TX,48051,22
Burnet County TX,48053,24
Caldwell County TX,48055,13
Calhoun County TX,48057,38
Callahan County TX,48059,NA
Cameron County TX,48061,35
Camp County TX,48063,36
Carson County TX,48065,NA
Cass County TX,48067,30
Castro County TX,48069,NA
Chambers County TX,48071,16
Cherokee County TX,48073,20
Childress County TX,48075,NA
Clay County TX,48077,40
Cochran County TX,48079,NA
Coke County TX,48081,NA
Coleman County TX,48083,NA
Collin County TX,48085,14
Collingsworth County TX,48087,NA
Colorado County TX,48089,30
Comal County TX,48091,24
Comanche County TX,48093,40
Concho County TX,48095,NA
Cooke County TX,48097,22
Coryell County TX,48099,23
Cottle County TX,48101,NA
Crane County TX,48103,NA
Crockett County TX,48105,NA
Crosby County TX,48107,NA
Culberson County TX,48109,NA
Dallam County TX,48111,NA
Dallas County TX,48113,18
Dawson County TX,48115,NA
Deaf Smith County TX,48117,NA
Delta County TX,48119,34
Denton County TX,48121,8
DeWitt County TX,48123,NA
Dickens County TX,48125,NA
Dimmit County TX,48127,NA
Donley County TX,48129,NA
Duval County TX,48131,NA
Eastland County TX,48133,36
Ector County TX,48135,40
Edwards County TX,48137,NA
Ellis County TX,48139,17
El Paso County TX,48141,37
Erath County TX,48143,32
Falls County TX,48145,27
Fannin County TX,48147,21
Fayette County TX,48149,21
Fisher County TX,48151,NA
Floyd County TX,48153,NA
Foard County TX,48155,NA
Fort Bend County TX,48157,16
Franklin County TX,48159,34
Freestone County TX,48161,30
Frio County TX,48163,34
Gaines County TX,48165,NA
Galveston County TX,48167,27
Garza County TX,48169,NA
Gillespie County TX,48171,39
Glasscock County TX,48173,NA
Goliad County TX,48175,NA
Gonzales County TX,48177,34
Gray County TX,48179,NA
Grayson County TX,48181,28
Gregg County TX,48183,29
Grimes County TX,48185,19
Guadalupe County TX,48187,23
Hale County TX,48189,NA
Hall County TX,48191,NA
Hamilton County TX,48193,33
Hansford County TX,48195,NA
Hardeman County TX,48197,NA
Hardin County TX,48199,25
Harris County TX,48201,21
Harrison County TX,48203,31
Hartley County TX,48205,NA
Haskell County TX,48207,NA
Hays County TX,48209,21
Hemphill County TX,48211,NA
Henderson County TX,48213,20
Hidalgo County TX,48215,NA
Hill County TX,48217,27
Hockley County TX,48219,35
Hood County TX,48221,26
Hopkins County TX,48223,33
Houston County TX,48225,28
Howard County TX,48227,NA
Hudspeth County TX,48229,NA
Hunt County TX,48231,25
Hutchinson County TX,48233,NA
Irion County TX,48235,NA
Jack County TX,48237,29
Jackson County TX,48239,31
Jasper County TX,48241,41
Jeff Davis County TX,48243,NA
Jefferson County TX,48245,35
Jim Hogg County TX,48247,NA
Jim Wells County TX,48249,NA
Johnson County TX,48251,22
Jones County TX,48253,NA
Karnes County TX,48255,40
Kaufman County TX,48257,16
Kendall County TX,48259,26
Kenedy County TX,48261,NA
Kent County TX,48263,NA
Kerr County TX,48265,40
Kimble County TX,48267,NA
King County TX,48269,NA
Kinney County TX,48271,NA
Kleberg County TX,48273,NA
Knox County TX,48275,NA
Lamar County TX,48277,NA
Lamb County TX,48279,NA
Lampasas County TX,48281,22
La Salle County TX,48283,42
Lavaca County TX,48285,38
Lee County TX,48287,19
Leon County TX,48289,26
Liberty County TX,48291,18
Limestone County TX,48293,40
Lipscomb County TX,48295,NA
Live Oak County TX,48297,41
Llano County TX,48299,20
Loving County TX,48301,NA
Lubbock County TX,48303,41
Lynn County TX,48305,41
McCulloch County TX,48307,NA
McLennan County TX,48309,32
McMullen County TX,48311,NA
Madison County TX,48313,28
Marion County TX,48315,22
Martin County TX,48317,NA
Mason County TX,48319,39
Matagorda County TX,48321,26
Maverick County TX,48323,NA
Medina County TX,48325,26
Menard County TX,48327,NA
Midland County TX,48329,35
Milam County TX,48331,19
Mills County TX,48333,NA
Mitchell County TX,48335,NA
Montague County TX,48337,24
Montgomery County TX,48339,15
Moore County TX,48341,NA
Morris County TX,48343,33
Motley County TX,48345,NA
Nacogdoches County TX,48347,38
Navarro County TX,48349,29
Newton County TX,48351,35
Nolan County TX,48353,NA
Nueces County TX,48355,NA
Ochiltree County TX,48357,NA
Oldham County TX,48359,NA
Orange County TX,48361,25
Palo Pinto County TX,48363,31
Panola County TX,48365,19
Parker County TX,48367,21
Parmer County TX,48369,NA
Pecos County TX,48371,NA
Polk County TX,48373,30
Potter County TX,48375,NA
Presidio County TX,48377,NA
Rains County TX,48379,26
Randall County TX,48381,38
Reagan County TX,48383,NA
Real County TX,48385,NA
Red River County TX,48387,38
Reeves County TX,48389,NA
Refugio County TX,48391,NA
Roberts County TX,48393,NA
Robertson County TX,48395,22
Rockwall County TX,48397,16
Runnels County TX,48399,NA
Rusk County TX,48401,17
Sabine County TX,48403,40
San Augustine County TX,48405,37
San Jacinto County TX,48407,19
San Patricio County TX,48409,30
San Saba County TX,48411,NA
Schleicher County TX,48413,NA
Scurry County TX,48415,NA
Shackelford County TX,48417,NA
Shelby County TX,48419,23
Sherman County TX,48421,NA
Smith County TX,48423,19
Somervell County TX,48425,30
Starr County TX,48427,38
Stephens County TX,48429,NA
Sterling County TX,48431,NA
Stonewall County TX,48433,NA
Sutton County TX,48435,NA
Swisher County TX,48437,NA
Tarrant County TX,48439,17
Taylor County TX,48441,NA
Terrell County TX,48443,NA
Terry County TX,48445,42
Throckmorton County TX,48447,NA
Titus County TX,48449,38
Tom Green County TX,48451,NA
Travis County TX,48453,11
Trinity County TX,48455,31
Tyler County TX,48457,32
Upshur County TX,48459,18
Upton County TX,48461,NA
Uvalde County TX,48463,NA
Val Verde County TX,48465,NA
Van Zandt County TX,48467,13
Victoria County TX,48469,NA
Walker County TX,48471,23
Waller County TX,48473,16
Ward County TX,48475,NA
Washington County TX,48477,29
Webb County TX,48479,NA
Wharton County TX,48481,24
Wheeler County TX,48483,NA
Wichita County TX,48485,39
Wilbarger County TX,48487,42
Willacy County TX,48489,39
Williamson County TX,48491,16
Wilson County TX,48493,30
Winkler County TX,48495,NA
Wise County TX,48497,25
Wood County TX,48499,20
Yoakum County TX,48501,NA
Young County TX,48503,37
Zapata County TX,48505,NA
Zavala County TX,48507,NA
Beaver County UT,49001,NA
Box Elder County UT,49003,17
Cache County UT,49005,32
Carbon County UT,49007,41
Daggett County UT,49009,NA
Davis County UT,49011,12
Duchesne County UT,49013,34
Emery County UT,49015,NA
Garfield County UT,49017,NA
Grand County UT,49019,36
Iron County UT,49021,38
Juab County UT,49023,29
Kane County UT,49025,41
Millard County UT,49027,36
Morgan County UT,49029,20
Piute County UT,49031,NA
Rich County UT,49033,NA
Salt Lake County UT,49035,19
San Juan County UT,49037,NA
Sanpete County UT,49039,29
Sevier County UT,49041,33
Summit County UT,49043,0
Tooele County UT,49045,17
Uintah County UT,49047,37
Utah County UT,49049,23
Wasatch County UT,49051,2
Washington County UT,49053,34
Wayne County UT,49055,NA
Weber County UT,49057,24
Addison County VT,50001,6
Bennington County VT,50003,11
Caledonia County VT,50005,19
Chittenden County VT,50007,3
Essex County VT,50009,29
Franklin County VT,50011,4
Grand Isle County VT,50013,11
Lamoille County VT,50015,9
Orange County VT,50017,15
Orleans County VT,50019,24
Rutland County VT,50021,22
Washington County VT,50023,14
Windham County VT,50025,15
Windsor County VT,50027,7
Accomack County VA,51001,42
Albemarle County VA,51003,21
Alleghany County VA,51005,NA
Amelia County VA,51007,31
Amherst County VA,51009,17
Appomattox County VA,51011,23
Arlington County VA,51013,10
Augusta County VA,51015,28
Bath County VA,51017,NA
Bedford County VA,51019,23
Bland County VA,51021,NA
Botetourt County VA,51023,25
Brunswick County VA,51025,36
Buchanan County VA,51027,NA
Buckingham County VA,51029,23
Campbell County VA,51031,17
Caroline County VA,51033,19
Carroll County VA,51035,33
Charles City County VA,51036,24
Charlotte County VA,51037,25
Chesterfield County VA,51041,21
Clarke County VA,51043,24
Craig County VA,51045,NA
Culpeper County VA,51047,21
Cumberland County VA,51049,28
Dickenson County VA,51051,NA
Dinwiddie County VA,51053,28
Essex County VA,51057,41
Fairfax County VA,51059,15
Fauquier County VA,51061,14
Floyd County VA,51063,37
Fluvanna County VA,51065,12
Franklin County VA,51067,29
Frederick County VA,51069,15
Giles County VA,51071,NA
Gloucester County VA,51073,25
Goochland County VA,51075,17
Grayson County VA,51077,42
Greene County VA,51079,23
Greensville County VA,51081,NA
Halifax County VA,51083,33
Hanover County VA,51085,24
Henrico County VA,51087,22
Henry County VA,51089,41
Highland County VA,51091,NA
Isle of Wight County VA,51093,18
James City County VA,51095,18
King and Queen County VA,51097,30
King George County VA,51099,18
King William County VA,51101,22
Lancaster County VA,51103,36
Lee County VA,51105,12
Loudoun County VA,51107,15
Louisa County VA,51109,9
Lunenburg County VA,51111,28
Madison County VA,51113,23
Mathews County VA,51115,32
Mecklenburg County VA,51117,33
Middlesex County VA,51119,32
Montgomery County VA,51121,37
Nelson County VA,51125,24
New Kent County VA,51127,17
Northampton County VA,51131,42
Northumberland County VA,51133,38
Nottoway County VA,51135,30
Orange County VA,51137,17
Page County VA,51139,22
Patrick County VA,51141,32
Pittsylvania County VA,51143,15
Powhatan County VA,51145,23
Prince Edward County VA,51147,27
Prince George County VA,51149,26
Prince William County VA,51153,12
Pulaski County VA,51155,NA
Rappahannock County VA,51157,25
Richmond County VA,51159,37
Roanoke County VA,51161,24
Rockbridge County VA,51163,24
Rockingham County VA,51165,8
Russell County VA,51167,NA
Scott County VA,51169,28
Shenandoah County VA,51171,25
Smyth County VA,51173,NA
Southampton County VA,51175,33
Spotsylvania County VA,51177,17
Stafford County VA,51179,9
Surry County VA,51181,28
Sussex County VA,51183,34
Tazewell County VA,51185,NA
Warren County VA,51187,24
Washington County VA,51191,38
Westmoreland County VA,51193,23
Wise County VA,51195,38
Wythe County VA,51197,NA
York County VA,51199,16
Alexandria city VA,51510,18
Bristol city VA,51520,32
Buena Vista city VA,51530,35
Charlottesville city VA,51540,41
Chesapeake city VA,51550,27
Colonial Heights city VA,51570,29
Covington city VA,51580,NA
Danville city VA,51590,31
Emporia city VA,51595,NA
Fairfax city VA,51600,11
Falls Church city VA,51610,16
Franklin city VA,51620,NA
Fredericksburg city VA,51630,31
Galax city VA,51640,NA
Hampton city VA,51650,24
Harrisonburg city VA,51660,29
Hopewell city VA,51670,40
Lexington city VA,51678,39
Lynchburg city VA,51680,27
Manassas city VA,51683,25
Manassas Park city VA,51685,17
Martinsville city VA,51690,31
Newport News city VA,51700,20
Norfolk city VA,51710,37
Norton city VA,51720,NA
Petersburg city VA,51730,42
Poquoson city VA,51735,21
Portsmouth city VA,51740,30
Radford city VA,51750,36
Richmond city VA,51760,41
Roanoke city VA,51770,NA
Salem city VA,51775,NA
Staunton city VA,51790,23
Suffolk city VA,51800,26
Virginia Beach city VA,51810,25
Waynesboro city VA,51820,26
Williamsburg city VA,51830,14
Winchester city VA,51840,39
Adams County WA,53001,10
Asotin County WA,53003,34
Benton County WA,53005,12
Chelan County WA,53007,16
Clallam County WA,53009,25
Clark County WA,53011,14
Columbia County WA,53013,22
Cowlitz County WA,53015,22
Douglas County WA,53017,5
Ferry County WA,53019,33
Franklin County WA,53021,9
Garfield County WA,53023,38
Grant County WA,53025,3
Grays Harbor County WA,53027,25
Island County WA,53029,0
Jefferson County WA,53031,25
King County WA,53033,18
Kitsap County WA,53035,18
Kittitas County WA,53037,18
Klickitat County WA,53039,20
Lewis County WA,53041,7
Lincoln County WA,53043,19
Mason County WA,53045,23
Okanogan County WA,53047,10
Pacific County WA,53049,26
Pend Oreille County WA,53051,23
Pierce County WA,53053,24
San Juan County WA,53055,13
Skagit County WA,53057,0
Skamania County WA,53059,21
Snohomish County WA,53061,17
Spokane County WA,53063,15
Stevens County WA,53065,21
Thurston County WA,53067,23
Wahkiakum County WA,53069,31
Walla Walla County WA,53071,27
Whatcom County WA,53073,0
Whitman County WA,53075,20
Yakima County WA,53077,5
Barbour County WV,54001,NA
Berkeley County WV,54003,32
Boone County WV,54005,NA
Braxton County WV,54007,37
Brooke County WV,54009,25
Cabell County WV,54011,NA
Calhoun County WV,54013,NA
Clay County WV,54015,NA
Doddridge County WV,54017,NA
Fayette County WV,54019,NA
Gilmer County WV,54021,NA
Grant County WV,54023,NA
Greenbrier County WV,54025,NA
Hampshire County WV,54027,29
Hancock County WV,54029,36
Hardy County WV,54031,37
Harrison County WV,54033,NA
Jackson County WV,54035,NA
Jefferson County WV,54037,20
Kanawha County WV,54039,NA
Lewis County WV,54041,NA
Lincoln County WV,54043,NA
Logan County WV,54045,NA
McDowell County WV,54047,NA
Marion County WV,54049,NA
Marshall County WV,54051,30
Mason County WV,54053,NA
Mercer County WV,54055,NA
Mineral County WV,54057,38
Mingo County WV,54059,NA
Monongalia County WV,54061,NA
Monroe County WV,54063,NA
Morgan County WV,54065,27
Nicholas County WV,54067,NA
Ohio County WV,54069,31
Pendleton County WV,54071,31
Pleasants County WV,54073,NA
Pocahontas County WV,54075,NA
Preston County WV,54077,41
Putnam County WV,54079,NA
Raleigh County WV,54081,NA
Randolph County WV,54083,NA
Ritchie County WV,54085,NA
Roane County WV,54087,NA
Summers County WV,54089,NA
Taylor County WV,54091,NA
Tucker County WV,54093,NA
Tyler County WV,54095,NA
Upshur County WV,54097,NA
Wayne County WV,54099,NA
Webster County WV,54101,NA
Wetzel County WV,54103,41
Wirt County WV,54105,NA
Wood County WV,54107,NA
Wyoming County WV,54109,NA
Adams County WI,55001,26
Ashland County WI,55003,NA
Barron County WI,55005,36
Bayfield County WI,55007,NA
Brown County WI,55009,37
Buffalo County WI,55011,29
Burnett County WI,55013,33
Calumet County WI,55015,22
Chippewa County WI,55017,37
Clark County WI,55019,40
Columbia County WI,55021,22
Crawford County WI,55023,34
Dane County WI,55025,24
Dodge County WI,55027,16
Door County WI,55029,38
Douglas County WI,55031,36
Dunn County WI,55033,26
Eau Claire County WI,55035,41
Florence County WI,55037,NA
Fond du Lac County WI,55039,22
Forest County WI,55041,NA
Grant County WI,55043,22
Green County WI,55045,25
Green Lake County WI,55047,30
Iowa County WI,55049,27
Iron County WI,55051,NA
Jackson County WI,55053,34
Jefferson County WI,55055,19
Juneau County WI,55057,25
Kenosha County WI,55059,11
Kewaunee County WI,55061,34
La Crosse County WI,55063,40
Lafayette County WI,55065,27
Langlade County WI,55067,NA
Lincoln County WI,55069,41
Manitowoc County WI,55071,29
Marathon County WI,55073,NA
Marinette County WI,55075,40
Marquette County WI,55077,24
Menominee County WI,55078,NA
Milwaukee County WI,55079,12
Monroe County WI,55081,27
Oconto County WI,55083,32
Oneida County WI,55085,NA
Outagamie County WI,55087,36
Ozaukee County WI,55089,18
Pepin County WI,55091,33
Pierce County WI,55093,11
Polk County WI,55095,24
Portage County WI,55097,37
Price County WI,55099,NA
Racine County WI,55101,14
Richland County WI,55103,33
Rock County WI,55105,16
Rusk County WI,55107,NA
St. Croix County WI,55109,16
Sauk County WI,55111,23
Sawyer County WI,55113,42
Shawano County WI,55115,30
Sheboygan County WI,55117,20
Taylor County WI,55119,NA
Trempealeau County WI,55121,30
Vernon County WI,55123,31
Vilas County WI,55125,40
Walworth County WI,55127,17
Washburn County WI,55129,NA
Washington County WI,55131,9
Waukesha County WI,55133,12
Waupaca County WI,55135,32
Waushara County WI,55137,27
Winnebago County WI,55139,31
Wood County WI,55141,NA
Albany County WY,56001,30
Big Horn County WY,56003,NA
Campbell County WY,56005,42
Carbon County WY,56007,NA
Converse County WY,56009,38
Crook County WY,56011,NA
Fremont County WY,56013,33
Goshen County WY,56015,NA
Hot Springs County WY,56017,NA
Johnson County WY,56019,NA
Laramie County WY,56021,15
Lincoln County WY,56023,NA
Natrona County WY,56025,31
Niobrara County WY,56027,NA
Park County WY,56029,38
Platte County WY,56031,42
Sheridan County WY,56033,NA
Sublette County WY,56035,37
Sweetwater County WY,56037,42
Teton County WY,56039,NA
Uinta County WY,56041,31
Washakie County WY,56043,NA
Weston County WY,56045,NA
