ID,Name,FIPS,STATE,Re_median,Re_2.5pct,Re_97.5pct,totalcases
1,Autauga County AL,01001,01,0.86,0.55,1.11,575
2,Baldwin County AL,01003,01,2.21,1.97,2.48,939
7,Butler County AL,01013,01,1.52,1.3,1.71,640
9,Chambers County AL,01017,01,1.21,1.01,1.43,639
22,Cullman County AL,01043,01,1.36,1.11,1.63,464
24,Dallas County AL,01047,01,0.98,0.75,1.2,901
25,DeKalb County AL,01049,01,1.65,1.45,1.85,756
26,Elmore County AL,01051,01,0.94,0.65,1.21,903
28,Etowah County AL,01055,01,1.51,1.15,1.85,781
30,Franklin County AL,01059,01,1.05,0.85,1.23,899
35,Houston County AL,01069,01,1.19,0.98,1.48,491
37,Jefferson County AL,01073,01,1.74,1.4,2.07,5125
39,Lauderdale County AL,01077,01,1.33,1.06,1.65,491
41,Lee County AL,01081,01,1.33,1.07,1.67,1385
42,Limestone County AL,01083,01,1.71,1.28,2.03,508
43,Lowndes County AL,01085,01,1.44,1.2,1.7,469
45,Madison County AL,01089,01,2.09,1.71,2.39,1463
48,Marshall County AL,01095,01,1.54,1.21,1.79,1745
49,Mobile County AL,01097,01,1.37,0.9,1.75,4033
51,Montgomery County AL,01101,01,0.99,0.66,1.34,4063
52,Morgan County AL,01103,01,1.23,0.92,1.58,1088
55,Pike County AL,01109,01,0.95,0.73,1.16,433
57,Russell County AL,01113,01,1.22,0.92,1.5,539
59,Shelby County AL,01117,01,1.39,1.03,1.72,1262
62,Tallapoosa County AL,01123,01,1.19,0.87,1.47,601
63,Tuscaloosa County AL,01125,01,1.36,1.03,1.6,2289
64,Walker County AL,01127,01,1.22,1.01,1.54,952
70,Anchorage Municipality AK,02020,02,1.97,1.62,2.27,529
97,Apache County AZ,04001,04,1.24,1.14,1.32,2431
98,Cochise County AZ,04003,04,1.36,1.24,1.51,742
99,Coconino County AZ,04005,04,1.46,1.4,1.55,2188
104,Maricopa County AZ,04013,04,1.68,1.16,2.08,61100
105,Mohave County AZ,04015,04,1.66,1.55,1.79,1436
106,Navajo County AZ,04017,04,1.03,0.93,1.12,3890
107,Pima County AZ,04019,04,1.13,0.72,1.39,9471
108,Pinal County AZ,04021,04,1.22,0.92,1.47,4370
109,Santa Cruz County AZ,04023,04,0.66,0.51,0.76,1925
110,Yavapai County AZ,04025,04,1.87,1.74,2.07,908
111,Yuma County AZ,04027,04,0.98,0.8,1.16,6985
115,Benton County AR,05007,05,0.68,0.33,1.18,3000
127,Craighead County AR,05031,05,0.98,0.67,1.24,476
129,Crittenden County AR,05035,05,0.94,0.72,1.22,771
134,Faulkner County AR,05045,05,1.36,1.06,1.66,561
141,Hot Spring County AR,05059,05,2.02,1.79,2.2,584
146,Jefferson County AR,05069,05,1.63,1.32,1.86,732
150,Lee County AR,05077,05,0.9,0.71,1.23,767
151,Lincoln County AR,05079,05,1.02,0.86,1.17,1041
169,Pope County AR,05115,05,1.16,0.86,1.4,485
171,Pulaski County AR,05119,05,1.48,1.13,1.76,2333
173,St. Francis County AR,05123,05,1.43,1.18,1.59,908
177,Sebastian County AR,05131,05,1.08,0.68,1.48,563
178,Sevier County AR,05133,05,0.89,0.71,1.05,735
183,Washington County AR,05143,05,0.95,0.65,1.21,3940
186,Yell County AR,05149,05,1.94,1.66,2.22,678
187,Alameda County CA,06001,06,1.03,0.46,1.48,6560
193,Contra Costa County CA,06013,06,1.15,0.6,1.76,3538
196,Fresno County CA,06019,06,1.32,0.99,1.64,6076
199,Imperial County CA,06025,06,1.2,1.04,1.35,7134
201,Kern County CA,06029,06,1.62,1.3,2.03,5261
202,Kings County CA,06031,06,1.53,1.26,2,2617
206,Madera County CA,06039,06,1.24,0.98,1.44,590
210,Merced County CA,06047,06,1.59,1.22,1.85,1336
213,Monterey County CA,06053,06,0.78,0.43,1.06,1748
214,Napa County CA,06055,06,1.64,1.3,1.97,408
216,Orange County CA,06059,06,1.41,0.94,1.98,16490
217,Placer County CA,06061,06,1.52,0.98,1.93,818
219,Riverside County CA,06065,06,1.73,1.32,2.12,20180
220,Sacramento County CA,06067,06,0.54,0,1.2,3559
222,San Bernardino County CA,06071,06,1.34,0.99,1.66,14200
223,San Diego County CA,06073,06,1.27,0.58,1.68,16183
224,San Francisco County CA,06075,06,0.88,0.09,1.54,3833
225,San Joaquin County CA,06077,06,1.3,1,1.71,4650
226,San Luis Obispo County CA,06079,06,1.52,1.22,1.83,727
227,San Mateo County CA,06081,06,1.38,1,1.83,3506
228,Santa Barbara County CA,06083,06,1.1,0.7,1.51,3261
229,Santa Clara County CA,06085,06,1.29,0.86,1.78,4945
230,Santa Cruz County CA,06087,06,1.21,0.69,1.77,424
234,Solano County CA,06095,06,1.11,0.62,1.59,1476
235,Sonoma County CA,06097,06,1.19,0.82,1.61,1305
236,Stanislaus County CA,06099,06,1.42,1,1.8,2671
240,Tulare County CA,06107,06,1.34,1.06,1.56,4733
242,Ventura County CA,06111,06,0.98,0.55,1.37,3240
243,Yolo County CA,06113,06,0.99,0.45,1.37,583
245,Adams County CO,08001,08,1.2,0.71,1.63,4307
247,Arapahoe County CO,08005,08,1.25,0.5,1.71,5333
251,Boulder County CO,08013,08,0.75,0.14,1.26,1434
261,Denver County CO,08031,08,0.92,0.31,1.38,7330
263,Douglas County CO,08035,08,1.12,0.54,1.5,1002
264,Eagle County CO,08037,08,1.23,1.02,1.52,703
266,El Paso County CO,08041,08,1.31,0.97,1.71,2576
275,Jefferson County CO,08059,08,1.62,1.24,2.08,2780
280,Larimer County CO,08069,08,1.93,1.67,2.21,795
283,Logan County CO,08075,08,1.05,0.91,1.2,638
289,Morgan County CO,08087,08,1.13,0.9,1.31,654
307,Weld County CO,08123,08,1.2,0.92,1.4,2867
309,Fairfield County CT,09001,09,1.19,0.64,1.55,16781
310,Hartford County CT,09003,09,1.15,0.69,1.69,11740
311,Litchfield County CT,09005,09,1.05,0.74,1.33,1496
312,Middlesex County CT,09007,09,0.86,0.48,1.27,1308
313,New Haven County CT,09009,09,1.49,0.99,1.96,12435
314,New London County CT,09011,09,1.22,0.81,1.57,1281
315,Tolland County CT,09013,09,0.97,0.66,1.33,915
316,Windham County CT,09015,09,0.51,0.1,0.88,620
317,Kent County DE,10001,10,1.5,1.03,1.93,1744
318,New Castle County DE,10003,10,1.39,0.93,1.9,5371
319,Sussex County DE,10005,10,2.19,1.9,2.47,4915
320,District of Columbia DC,11001,11,1.22,0.49,2.01,10480
321,Alachua County FL,12001,12,1.4,1.03,1.78,1514
323,Bay County FL,12005,12,2.21,1.81,2.45,669
325,Brevard County FL,12009,12,1.39,0.87,1.73,2552
326,Broward County FL,12011,12,1.91,1.48,2.37,19342
328,Charlotte County FL,12015,12,1.71,1.37,1.92,884
330,Clay County FL,12019,12,2.18,1.84,2.47,941
331,Collier County FL,12021,12,1.24,0.9,1.59,4863
333,DeSoto County FL,12027,12,1.13,0.95,1.36,691
335,Duval County FL,12031,12,1.28,0.84,1.81,8675
336,Escambia County FL,12033,12,1.78,1.32,2.17,2554
339,Gadsden County FL,12039,12,2.17,1.9,2.57,450
344,Hardee County FL,12049,12,1.24,1.05,1.42,524
345,Hendry County FL,12051,12,1.33,1.17,1.52,1049
346,Hernando County FL,12053,12,1.8,1.43,2.07,493
347,Highlands County FL,12055,12,1.37,1.12,1.58,408
348,Hillsborough County FL,12057,12,1.05,0.43,1.6,13712
350,Indian River County FL,12061,12,1.06,0.64,1.36,868
351,Jackson County FL,12063,12,1.65,1.4,1.91,407
354,Lake County FL,12069,12,1.29,0.81,1.56,1698
355,Lee County FL,12071,12,1.52,1.12,1.89,7113
356,Leon County FL,12073,12,2.38,2.06,2.78,1555
360,Manatee County FL,12081,12,1.13,0.6,1.46,3347
361,Marion County FL,12083,12,1.31,0.88,1.78,845
362,Martin County FL,12085,12,1.05,0.76,1.4,2265
363,Miami-Dade County FL,12086,12,1.41,1.05,1.78,44357
366,Okaloosa County FL,12091,12,1.75,1.49,2.03,870
367,Okeechobee County FL,12093,12,1.24,1.03,1.39,414
368,Orange County FL,12095,12,0.69,0.07,1.26,12698
369,Osceola County FL,12097,12,1.43,1.01,1.91,2703
370,Palm Beach County FL,12099,12,1.27,0.8,1.7,15789
371,Pasco County FL,12101,12,1.34,1.05,1.66,2612
372,Pinellas County FL,12103,12,1.1,0.47,1.77,8145
373,Polk County FL,12105,12,1.26,0.87,1.63,4993
374,Putnam County FL,12107,12,2.16,1.92,2.44,545
375,St. Johns County FL,12109,12,1.74,1.38,2.05,1288
376,St. Lucie County FL,12111,12,1.42,0.97,1.73,2090
377,Santa Rosa County FL,12113,12,2.23,1.94,2.52,810
378,Sarasota County FL,12115,12,1.47,1.01,1.89,1921
379,Seminole County FL,12117,12,0.99,0.42,1.46,3137
380,Sumter County FL,12119,12,2.69,2.06,3.02,415
381,Suwannee County FL,12121,12,1.58,1.36,1.82,601
384,Volusia County FL,12127,12,1.21,0.91,1.68,2620
392,Baldwin County GA,13009,13,1.77,1.49,2.04,573
394,Barrow County GA,13013,13,1.17,0.81,1.54,543
395,Bartow County GA,13015,13,1.36,0.93,1.76,757
398,Bibb County GA,13021,13,2.08,1.76,2.37,1127
403,Bulloch County GA,13031,13,1.66,1.39,1.91,507
409,Carroll County GA,13045,13,2.14,1.68,2.48,799
412,Chatham County GA,13051,13,1.79,1.46,2.08,1818
413,Chattahoochee County GA,13053,13,0.86,0.68,1.11,428
415,Cherokee County GA,13057,13,1.51,1.1,1.87,1456
416,Clarke County GA,13059,13,2.02,1.48,2.36,706
418,Clayton County GA,13063,13,1.76,1.38,2.15,2324
420,Cobb County GA,13067,13,1.31,0.69,1.88,5726
421,Coffee County GA,13069,13,1.29,1.06,1.51,620
422,Colquitt County GA,13071,13,1.62,1.37,1.86,1122
423,Columbia County GA,13073,13,1.95,1.48,2.34,610
425,Coweta County GA,13077,13,1.63,1.32,1.9,771
431,DeKalb County GA,13089,13,1.56,0.97,2.08,6646
434,Dougherty County GA,13095,13,1.94,1.65,2.23,1951
435,Douglas County GA,13097,13,1.49,1.04,1.8,1095
443,Fayette County GA,13113,13,1.75,1.39,2.18,405
444,Floyd County GA,13115,13,1.51,1.16,1.85,599
445,Forsyth County GA,13117,13,1.55,1.04,1.96,957
447,Fulton County GA,13121,13,1.63,1.15,2.08,8397
450,Glynn County GA,13127,13,1.77,1.61,1.93,1128
451,Gordon County GA,13129,13,1.07,0.82,1.33,431
454,Gwinnett County GA,13135,13,1.73,1.06,2.31,9788
455,Habersham County GA,13137,13,1.2,1,1.44,716
456,Hall County GA,13139,13,1.35,0.94,1.61,3394
462,Henry County GA,13151,13,1.66,1.15,2.11,1436
463,Houston County GA,13153,13,1.47,0.95,1.85,742
465,Jackson County GA,13157,13,1.49,1.22,1.83,440
479,Lowndes County GA,13185,13,1.01,0.54,1.3,1354
488,Mitchell County GA,13205,13,0.99,0.77,1.25,453
493,Muscogee County GA,13215,13,1.61,1.08,2.02,2054
494,Newton County GA,13217,13,1.74,1.46,2.04,715
497,Paulding County GA,13223,13,1.33,0.97,1.64,684
508,Richmond County GA,13245,13,2.48,2.19,2.71,1254
509,Rockdale County GA,13247,13,1.82,1.48,2.09,561
513,Spalding County GA,13255,13,1.64,1.29,1.94,458
516,Sumter County GA,13261,13,1.21,0.96,1.45,571
523,Thomas County GA,13275,13,1.9,1.65,2.23,500
524,Tift County GA,13277,13,0.89,0.62,1.11,822
528,Troup County GA,13285,13,0.89,0.58,1.17,1600
534,Walton County GA,13297,13,1.95,1.65,2.29,466
535,Ware County GA,13299,13,1.67,1.5,1.88,539
542,Whitfield County GA,13313,13,1.18,0.75,1.57,1269
548,Honolulu County HI,15003,15,1.55,1,2.18,726
552,Ada County ID,16001,16,1.24,0.81,1.62,2678
558,Blaine County ID,16013,16,0.72,0.58,0.86,540
565,Canyon County ID,16027,16,2.02,1.58,2.4,1204
579,Kootenai County ID,16055,16,2.52,2.15,2.82,412
593,Twin Falls County ID,16083,16,1.64,1.43,1.85,670
599,Boone County IL,17007,17,1.4,0.87,1.7,609
605,Champaign County IL,17019,17,1.97,1.66,2.35,980
611,Cook County IL,17031,17,1.73,1.18,2.16,92635
614,DeKalb County IL,17037,17,1.23,0.94,1.58,576
617,DuPage County IL,17043,17,1.84,1.15,2.36,9301
640,Kane County IL,17089,17,1.12,0.63,1.57,7859
641,Kankakee County IL,17091,17,1.11,0.67,1.44,1319
642,Kendall County IL,17093,17,1.58,1.17,1.99,999
644,Lake County IL,17097,17,1.63,1.04,2.08,9976
651,McHenry County IL,17111,17,1.7,1.15,2.17,2115
655,Madison County IL,17119,17,1.41,1.03,1.84,1035
667,Peoria County IL,17143,17,2.3,1.95,2.71,593
676,Rock Island County IL,17161,17,1.98,1.52,2.32,1045
677,St. Clair County IL,17163,17,1.41,1.12,1.69,2024
679,Sangamon County IL,17167,17,1.6,1.26,1.96,449
694,Will County IL,17197,17,1.74,1.18,2.37,6934
696,Winnebago County IL,17201,17,1.03,0.62,1.41,3088
699,Allen County IN,18003,18,1.02,0.42,1.37,2739
700,Bartholomew County IN,18005,18,0.88,0.57,1.22,584
703,Boone County IN,18011,18,1.15,0.91,1.49,441
706,Cass County IN,18017,18,1.36,1.07,1.64,1636
707,Clark County IN,18019,18,1.63,1.16,2.07,649
715,Delaware County IN,18035,18,0.51,0.2,0.96,429
717,Elkhart County IN,18039,18,0.62,0.13,1.08,3195
726,Hamilton County IN,18057,18,1.37,0.94,1.71,1534
727,Hancock County IN,18059,18,1.69,1.3,1.99,453
729,Hendricks County IN,18063,18,1.15,0.78,1.5,1401
731,Howard County IN,18067,18,1.21,0.91,1.44,570
733,Jackson County IN,18071,18,1.24,1.01,1.43,472
738,Johnson County IN,18081,18,1.52,1.11,2,1264
740,Kosciusko County IN,18085,18,1.11,0.75,1.46,524
741,LaGrange County IN,18087,18,0.98,0.74,1.21,466
742,Lake County IN,18089,18,1.33,0.86,1.76,5121
743,LaPorte County IN,18091,18,1.71,1.43,2.07,565
745,Madison County IN,18095,18,1.62,1.13,2,653
746,Marion County IN,18097,18,1.58,1.13,2.19,11564
747,Marshall County IN,18099,18,1.14,0.72,1.48,436
754,Noble County IN,18113,18,1.15,0.8,1.47,463
761,Porter County IN,18127,18,2.05,1.57,2.35,734
768,St. Joseph County IN,18141,18,0.38,0,0.94,1869
770,Shelby County IN,18145,18,0.73,0.38,0.98,422
776,Tippecanoe County IN,18157,18,1.55,1.23,1.83,695
779,Vanderburgh County IN,18163,18,2.26,1.77,2.69,503
796,Black Hawk County IA,19013,19,1.87,1.64,2.08,2217
800,Buena Vista County IA,19021,19,1.25,0.84,1.56,1709
813,Crawford County IA,19047,19,1.26,1.06,1.48,680
814,Dallas County IA,19049,19,1.38,1.12,1.62,1243
820,Dubuque County IA,19061,19,2.03,1.8,2.36,641
841,Johnson County IA,19103,19,1.34,0.98,1.68,1249
846,Linn County IA,19113,19,1.19,0.8,1.54,1255
853,Marshall County IA,19127,19,1.57,1.35,1.91,1062
859,Muscatine County IA,19139,19,1.04,0.72,1.34,625
866,Polk County IA,19153,19,1.37,0.86,1.8,6394
867,Pottawattamie County IA,19155,19,0.68,0.36,1.08,724
871,Scott County IA,19163,19,1.87,1.5,2.17,720
873,Sioux County IA,19167,19,1.11,0.88,1.27,460
874,Story County IA,19169,19,0.89,0.51,1.18,759
875,Tama County IA,19171,19,1.3,1.11,1.47,467
879,Wapello County IA,19179,19,0.78,0.56,0.98,703
886,Woodbury County IA,19193,19,1.24,0.98,1.44,3218
916,Finney County KS,20055,20,1.08,0.79,1.34,1574
917,Ford County KS,20057,20,1.29,1.04,1.5,2008
934,Johnson County KS,20091,20,0.34,0,0.85,1870
940,Leavenworth County KS,20103,20,0.46,0.06,0.76,1173
944,Lyon County KS,20111,20,0.93,0.68,1.25,492
975,Sedgwick County KS,20173,20,0.53,0.05,0.95,1368
976,Seward County KS,20175,20,1.15,0.83,1.41,1011
977,Shawnee County KS,20177,20,0.91,0.53,1.34,669
993,Wyandotte County KS,20209,20,0.57,0.1,0.96,2394
1001,Boone County KY,21015,21,1.21,0.77,1.7,624
1023,Daviess County KY,21059,21,1.33,0.82,1.75,464
1027,Fayette County KY,21067,21,0.94,0.36,1.45,1525
1049,Jefferson County KY,21111,21,1.36,0.85,1.87,4077
1052,Kenton County KY,21117,21,1.63,1.21,2.24,821
1082,Muhlenberg County KY,21177,21,0.65,0.34,0.92,514
1099,Shelby County KY,21211,21,0.93,0.66,1.27,446
1107,Warren County KY,21227,21,1.13,0.69,1.43,1608
1114,Acadia Parish LA,22001,22,1.48,1.16,1.73,991
1116,Ascension Parish LA,22005,22,1.5,1.27,1.84,1310
1121,Bossier Parish LA,22015,22,1.3,1.02,1.53,995
1122,Caddo Parish LA,22017,22,2.33,2,2.65,3676
1123,Calcasieu Parish LA,22019,22,2.18,1.93,2.37,2148
1130,East Baton Rouge Parish LA,22033,22,1.86,1.39,2.42,5837
1131,East Carroll Parish LA,22035,22,1.34,1.15,1.56,444
1134,Franklin Parish LA,22041,22,1.17,0.97,1.31,491
1136,Iberia Parish LA,22045,22,2.25,2.03,2.48,896
1137,Iberville Parish LA,22047,22,1.29,1.11,1.46,748
1139,Jefferson Parish LA,22051,22,1.5,1.19,1.82,10036
1140,Jefferson Davis Parish LA,22053,22,1.37,1.22,1.6,439
1141,Lafayette Parish LA,22055,22,1.65,1.27,2.05,2818
1142,Lafourche Parish LA,22057,22,2.16,1.84,2.39,1295
1145,Livingston Parish LA,22063,22,1.62,1.3,1.78,1179
1149,Orleans Parish LA,22071,22,1.59,1.24,1.93,8102
1150,Ouachita Parish LA,22073,22,1.55,1.2,1.98,2645
1153,Rapides Parish LA,22079,22,1.3,1.08,1.53,1709
1157,St. Bernard Parish LA,22087,22,1.52,1.31,1.75,653
1158,St. Charles Parish LA,22089,22,1.81,1.53,2.2,798
1160,St. James Parish LA,22093,22,1.72,1.43,2.01,403
1161,St. John the Baptist Parish LA,22095,22,1.77,1.42,2.14,1018
1162,St. Landry Parish LA,22097,22,1.32,1.11,1.58,760
1163,St. Martin Parish LA,22099,22,1.58,1.3,1.78,808
1164,St. Mary Parish LA,22101,22,2.1,1.82,2.45,586
1165,St. Tammany Parish LA,22103,22,1.89,1.64,2.27,2578
1166,Tangipahoa Parish LA,22105,22,1.84,1.55,2.05,1530
1168,Terrebonne Parish LA,22109,22,1.94,1.66,2.15,1200
1169,Union Parish LA,22111,22,1.33,1.08,1.58,445
1172,Washington Parish LA,22117,22,1.13,0.93,1.48,710
1173,Webster Parish LA,22119,22,0.79,0.56,1.04,436
1178,Androscoggin County ME,23001,23,1.02,0.67,1.43,500
1180,Cumberland County ME,23005,23,1.38,0.95,1.67,1830
1193,York County ME,23031,23,1.73,1.37,2.04,565
1195,Anne Arundel County MD,24003,24,1.12,0.4,1.5,5221
1196,Baltimore County MD,24005,24,2.49,2.12,3.16,8261
1197,Calvert County MD,24009,24,1.05,0.6,1.34,420
1199,Carroll County MD,24013,24,1.48,1.09,1.81,1161
1200,Cecil County MD,24015,24,0.83,0.49,1.17,488
1201,Charles County MD,24017,24,1.42,1.11,1.68,1436
1203,Frederick County MD,24021,24,0.97,0.6,1.3,2539
1205,Harford County MD,24025,24,1.94,1.37,2.33,1193
1206,Howard County MD,24027,24,1.64,1.04,2.21,2634
1208,Montgomery County MD,24031,24,1.46,0.92,1.99,15143
1209,Prince George's County MD,24033,24,1.46,0.79,1.87,18991
1211,St. Mary's County MD,24037,24,1.36,1.02,1.65,656
1214,Washington County MD,24043,24,1.06,0.67,1.42,705
1215,Wicomico County MD,24045,24,1.19,0.75,1.6,1096
1217,Baltimore city MD,24510,24,1.47,1.01,2.03,7877
1218,Barnstable County MA,25001,25,1.16,0.8,1.63,1559
1219,Berkshire County MA,25003,25,0.82,0.4,1.19,604
1220,Bristol County MA,25005,25,1.63,1.21,2.08,8326
1222,Essex County MA,25009,25,1.4,0.64,1.97,16244
1224,Hampden County MA,25013,25,1.15,0.63,1.52,6856
1225,Hampshire County MA,25015,25,1.22,0.76,1.51,983
1226,Middlesex County MA,25017,25,0.93,0.42,1.37,24127
1228,Norfolk County MA,25021,25,1.78,1.2,2.29,9284
1229,Plymouth County MA,25023,25,1.7,1.39,2.02,8737
1230,Suffolk County MA,25025,25,1.27,0.28,1.93,19979
1231,Worcester County MA,25027,25,1.53,0.95,1.98,12479
1240,Bay County MI,26017,26,0.54,0.24,0.95,406
1242,Berrien County MI,26021,26,1.13,0.78,1.48,911
1244,Calhoun County MI,26025,26,1.2,0.87,1.48,564
1256,Genesee County MI,26049,26,1.12,0.77,1.53,2812
1264,Ingham County MI,26065,26,1.88,1.45,2.3,1086
1269,Jackson County MI,26075,26,1.06,0.62,1.43,523
1270,Kalamazoo County MI,26077,26,1.25,0.86,1.57,1113
1272,Kent County MI,26081,26,2.21,1.74,2.85,5254
1278,Livingston County MI,26093,26,1.22,0.65,1.66,584
1281,Macomb County MI,26099,26,2.14,1.6,2.4,7535
1289,Monroe County MI,26115,26,1.46,1.03,1.88,633
1292,Muskegon County MI,26121,26,1.33,0.95,1.72,857
1294,Oakland County MI,26125,26,1.28,0.91,1.97,12212
1301,Ottawa County MI,26139,26,1.96,1.54,2.37,1102
1304,Saginaw County MI,26145,26,1.29,1,1.66,1325
1305,St. Clair County MI,26147,26,1.38,1.09,1.78,584
1312,Washtenaw County MI,26161,26,1.83,1.34,2.26,1760
1313,Wayne County MI,26163,26,2.16,1.76,2.52,23117
1316,Anoka County MN,27003,27,1.08,0.52,1.65,2205
1321,Blue Earth County MN,27013,27,1.54,1.26,1.75,464
1328,Clay County MN,27027,27,1.15,0.91,1.48,590
1333,Dakota County MN,27037,27,1.03,0.66,1.48,2324
1341,Hennepin County MN,27053,27,1.07,0.6,1.52,12252
1348,Kandiyohi County MN,27067,27,1.13,0.77,1.47,574
1364,Mower County MN,27099,27,0.83,0.63,1.01,958
1367,Nobles County MN,27105,27,1.13,0.74,1.38,1663
1369,Olmsted County MN,27109,27,1.18,0.84,1.44,1126
1376,Ramsey County MN,27123,27,0.92,0.31,1.4,4833
1380,Rice County MN,27131,27,0.95,0.58,1.22,843
1384,Scott County MN,27139,27,1.56,1.11,1.94,716
1387,Stearns County MN,27145,27,2.21,1.93,2.57,2378
1396,Washington County MN,27163,27,1.24,0.69,1.76,1090
1400,Wright County MN,27171,27,1.37,1,1.67,459
1416,Copiah County MS,28029,28,1.11,0.97,1.32,604
1418,DeSoto County MS,28033,28,1.08,0.68,1.52,1530
1419,Forrest County MS,28035,28,1.61,1.32,1.91,873
1423,Grenada County MS,28043,28,1.66,1.5,1.76,468
1425,Harrison County MS,28047,28,1.44,1,1.89,890
1426,Hinds County MS,28049,28,1.43,1.05,1.82,2517
1427,Holmes County MS,28051,28,0.96,0.78,1.13,552
1431,Jackson County MS,28059,28,1.67,1.4,1.99,611
1435,Jones County MS,28067,28,1.34,1.02,1.6,1117
1438,Lamar County MS,28073,28,1.39,1.1,1.63,449
1439,Lauderdale County MS,28075,28,1.29,1.05,1.49,906
1441,Leake County MS,28079,28,1.18,1.02,1.39,575
1442,Lee County MS,28081,28,1.32,0.96,1.68,546
1443,Leflore County MS,28083,28,0.94,0.58,1.22,486
1444,Lincoln County MS,28085,28,1.12,0.92,1.35,449
1445,Lowndes County MS,28087,28,1.12,0.84,1.45,485
1446,Madison County MS,28089,28,1.34,1.07,1.61,1292
1449,Monroe County MS,28095,28,1.52,1.3,1.67,401
1451,Neshoba County MS,28099,28,0.78,0.6,0.99,992
1454,Oktibbeha County MS,28105,28,1.45,1.21,1.76,548
1458,Pike County MS,28113,28,1.6,1.41,1.81,421
1462,Rankin County MS,28121,28,1.57,1.13,1.87,916
1463,Scott County MS,28123,28,1.32,1.13,1.5,767
1476,Warren County MS,28149,28,1.53,1.32,1.74,529
1477,Washington County MS,28151,28,1.56,1.29,1.78,550
1478,Wayne County MS,28153,28,1.25,1.08,1.44,548
1483,Yazoo County MS,28163,28,1.24,1.08,1.41,508
1493,Boone County MO,29019,29,1.52,1.18,1.84,418
1494,Buchanan County MO,29021,29,1.3,0.92,1.64,886
1507,Clay County MO,29047,29,0.91,0.44,1.35,484
1531,Jackson County MO,29095,29,1.46,0.99,1.92,4036
1532,Jasper County MO,29097,29,0.92,0.45,1.25,515
1533,Jefferson County MO,29099,29,1.61,1.27,1.98,504
1543,McDonald County MO,29119,29,2.19,1.87,2.36,625
1556,Newton County MO,29145,29,1.32,0.86,1.56,454
1575,St. Charles County MO,29183,29,1.54,1.07,1.99,1122
1579,St. Louis County MO,29189,29,0.9,0.33,1.32,6587
1598,St. Louis city MO,29510,29,0.34,0,1.09,2471
1673,Colfax County NE,31037,31,1.23,0.93,1.48,668
1676,Dakota County NE,31043,31,0.96,0.67,1.12,1780
1678,Dawson County NE,31047,31,1.14,0.8,1.35,862
1681,Dodge County NE,31053,31,0.77,0.51,1,691
1682,Douglas County NE,31055,31,1.01,0.37,1.49,7424
1694,Hall County NE,31079,31,1.16,0.8,1.53,1599
1709,Lancaster County NE,31109,31,1.28,0.84,1.6,1818
1725,Platte County NE,31141,31,1.19,0.84,1.44,673
1730,Saline County NE,31151,31,1.39,1.13,1.64,544
1731,Sarpy County NE,31153,31,1.08,0.59,1.51,1232
1749,Clark County NV,32003,32,1.45,0.99,1.77,17876
1762,Washoe County NV,32031,32,1.57,1.3,1.77,3042
1770,Hillsborough County NH,33011,33,0.89,0.48,1.31,3329
1771,Merrimack County NH,33013,33,1,0.7,1.46,420
1772,Rockingham County NH,33015,33,1.3,0.97,1.58,1499
1775,Atlantic County NJ,34001,34,0.84,0.45,1.18,2950
1776,Bergen County NJ,34003,34,1.31,0.85,1.68,19601
1777,Burlington County NJ,34005,34,1.15,0.84,1.53,5255
1778,Camden County NJ,34007,34,1.2,0.74,1.61,7432
1779,Cape May County NJ,34009,34,0.75,0.31,1.08,715
1780,Cumberland County NJ,34011,34,0.7,0.41,1.09,3005
1781,Essex County NJ,34013,34,1.4,1.01,1.84,18880
1782,Gloucester County NJ,34015,34,1.08,0.63,1.56,2628
1783,Hudson County NJ,34017,34,2.31,1.86,2.81,18952
1784,Hunterdon County NJ,34019,34,1.24,0.79,1.6,1087
1785,Mercer County NJ,34021,34,1.19,0.69,1.68,7729
1786,Middlesex County NJ,34023,34,1.35,0.84,1.88,16916
1787,Monmouth County NJ,34025,34,1.24,0.61,1.6,9285
1788,Morris County NJ,34027,34,1.34,0.89,1.74,6803
1789,Ocean County NJ,34029,34,1,0.59,1.27,9701
1790,Passaic County NJ,34031,34,0.75,0.34,1.13,16934
1791,Salem County NJ,34033,34,1.55,1.18,1.83,809
1792,Somerset County NJ,34035,34,1.52,0.94,1.98,4926
1793,Sussex County NJ,34037,34,0.99,0.55,1.31,1200
1794,Union County NJ,34039,34,1.06,0.86,1.25,16438
1795,Warren County NJ,34041,34,1.32,0.89,1.67,1249
1796,Bernalillo County NM,35001,35,1.57,1.24,2,2385
1803,Doa Ana County NM,35013,35,1.62,1.47,1.85,1079
1813,McKinley County NM,35031,35,1.06,0.98,1.15,3492
1819,Sandoval County NM,35043,35,1.27,0.98,1.57,766
1820,San Juan County NM,35045,35,1.11,0.94,1.23,2516
1829,Albany County NY,36001,36,1.36,0.81,1.76,2135
1831,Bronx County NY,36005,36,1.13,0.86,1.37,47918
1832,Broome County NY,36007,36,1.69,1.28,2.14,743
1839,Columbia County NY,36021,36,1.07,0.84,1.41,476
1842,Dutchess County NY,36027,36,0.82,0.49,1.19,4237
1843,Erie County NY,36029,36,1.45,0.92,1.81,7484
1852,Kings County NY,36047,36,1.28,0.87,1.63,60059
1856,Monroe County NY,36055,36,1.62,1.1,2.1,3937
1858,Nassau County NY,36059,36,1.09,0.52,1.68,41984
1859,New York County NY,36061,36,1.46,0.83,1.99,28800
1860,Niagara County NY,36063,36,1.74,1.23,2.14,1276
1861,Oneida County NY,36065,36,1.29,1.06,1.6,1744
1862,Onondaga County NY,36067,36,1.03,0.53,1.39,2987
1864,Orange County NY,36071,36,1.45,1.06,1.79,10774
1868,Putnam County NY,36079,36,1.19,0.81,1.66,1334
1869,Queens County NY,36081,36,1.3,0.89,1.55,65842
1870,Rensselaer County NY,36083,36,1.24,0.92,1.6,577
1871,Richmond County NY,36085,36,1.68,1.25,1.93,14203
1872,Rockland County NY,36087,36,1.2,0.82,1.7,13634
1874,Saratoga County NY,36091,36,1.18,0.72,1.58,567
1875,Schenectady County NY,36093,36,1.5,1.03,1.97,832
1880,Suffolk County NY,36103,36,1.06,0.71,1.51,41585
1881,Sullivan County NY,36105,36,0.67,0.38,0.94,1457
1884,Ulster County NY,36111,36,1.89,1.56,2.27,1840
1888,Westchester County NY,36119,36,1.51,1.01,1.96,35048
1891,Alamance County NC,37001,37,1.21,0.69,1.58,1235
1899,Bladen County NC,37017,37,1.26,1.05,1.45,410
1900,Brunswick County NC,37019,37,1.35,0.94,1.67,632
1901,Buncombe County NC,37021,37,1.29,0.87,1.61,626
1902,Burke County NC,37023,37,0.72,0.43,1.03,1091
1903,Cabarrus County NC,37025,37,1.45,0.95,1.92,1287
1904,Caldwell County NC,37027,37,1.4,1,1.66,486
1908,Catawba County NC,37035,37,1.57,1.25,1.87,949
1909,Chatham County NC,37037,37,0.9,0.6,1.11,986
1914,Columbus County NC,37047,37,1.1,0.87,1.36,563
1916,Cumberland County NC,37051,37,1.73,1.21,2.14,1356
1919,Davidson County NC,37057,37,1.05,0.76,1.51,1058
1921,Duplin County NC,37061,37,1.15,0.82,1.4,1557
1922,Durham County NC,37063,37,1.61,1.07,1.95,4050
1924,Forsyth County NC,37067,37,1,0.48,1.58,3238
1926,Gaston County NC,37071,37,1.45,1.04,1.79,1332
1929,Granville County NC,37077,37,0.75,0.41,1.09,836
1931,Guilford County NC,37081,37,1.18,0.66,1.59,3054
1933,Harnett County NC,37085,37,0.98,0.66,1.3,697
1935,Henderson County NC,37089,37,1.34,0.97,1.67,683
1939,Iredell County NC,37097,37,1.51,1.09,1.83,929
1941,Johnston County NC,37101,37,1.26,0.97,1.56,1712
1943,Lee County NC,37105,37,0.91,0.5,1.18,869
1950,Mecklenburg County NC,37119,37,1.26,0.29,1.89,12663
1953,Moore County NC,37125,37,1.29,0.99,1.59,512
1954,Nash County NC,37127,37,1.15,0.8,1.5,515
1955,New Hanover County NC,37129,37,1.5,1.08,2.08,1144
1958,Orange County NC,37135,37,1.54,1.2,2,775
1964,Pitt County NC,37147,37,1.45,1.05,1.78,784
1966,Randolph County NC,37151,37,1.2,0.84,1.49,1268
1968,Robeson County NC,37155,37,1.6,1.29,1.81,1376
1970,Rowan County NC,37159,37,1.24,0.81,1.58,1317
1972,Sampson County NC,37163,37,0.76,0.48,1.01,1097
1974,Stanly County NC,37167,37,1.28,1,1.54,463
1976,Surry County NC,37171,37,1.07,0.67,1.37,504
1980,Union County NC,37179,37,1.52,1.12,1.91,1453
1981,Vance County NC,37181,37,1.18,0.81,1.58,535
1982,Wake County NC,37183,37,1.34,0.8,1.78,5849
1986,Wayne County NC,37191,37,1.06,0.52,1.39,1881
1987,Wilkes County NC,37193,37,1.35,1.01,1.6,589
1988,Wilson County NC,37195,37,1.19,0.88,1.49,789
1999,Cass County ND,38017,38,1.48,1.21,1.66,2369
2008,Grand Forks County ND,38035,38,1.64,1.35,1.89,414
2047,Ashtabula County OH,39007,39,0.78,0.47,1.12,430
2050,Belmont County OH,39013,39,1.58,1.18,1.88,552
2052,Butler County OH,39017,39,1.7,1.18,2.29,1574
2055,Clark County OH,39023,39,0.64,0.28,1.25,783
2056,Clermont County OH,39025,39,2.11,1.73,2.48,424
2058,Columbiana County OH,39029,39,0.1,0.09,0.8,1367
2061,Cuyahoga County OH,39035,39,1.73,1.16,2.11,7771
2064,Delaware County OH,39041,39,1.95,1.59,2.27,564
2066,Fairfield County OH,39045,39,1.7,1.36,2.01,555
2068,Franklin County OH,39049,39,1.92,1.38,2.31,10312
2071,Geauga County OH,39055,39,1.19,0.77,1.52,408
2074,Hamilton County OH,39061,39,1.7,1.05,2.18,5986
2086,Lake County OH,39085,39,2.69,2.14,3.12,517
2088,Licking County OH,39089,39,1.98,1.65,2.39,468
2090,Lorain County OH,39093,39,1.38,0.84,1.85,1004
2091,Lucas County OH,39095,39,2.05,1.55,2.56,2710
2093,Mahoning County OH,39099,39,1.83,1.33,2.17,1858
2094,Marion County OH,39101,39,1.02,0.71,1.23,2730
2095,Medina County OH,39103,39,2.47,2.09,2.86,521
2098,Miami County OH,39109,39,1.78,1.43,2.24,468
2100,Montgomery County OH,39113,39,1.57,1.23,1.96,2052
2108,Pickaway County OH,39129,39,1.88,1.65,2.15,2192
2110,Portage County OH,39133,39,1.59,1.17,2.03,438
2119,Stark County OH,39151,39,1.37,0.87,1.78,1106
2120,Summit County OH,39153,39,2.4,1.86,2.8,2189
2121,Trumbull County OH,39155,39,1.79,1.53,2.06,969
2122,Tuscarawas County OH,39157,39,1.5,1.2,1.76,543
2126,Warren County OH,39165,39,1.58,1.18,2,871
2130,Wood County OH,39173,39,1.87,1.58,2.21,424
2145,Cleveland County OK,40027,40,1.58,1.06,2.07,1071
2147,Comanche County OK,40031,40,1.37,1.04,1.61,436
2176,McCurtain County OK,40089,40,0.91,0.61,1.18,543
2186,Oklahoma County OK,40109,40,1.22,0.55,1.72,3391
2191,Payne County OK,40119,40,1.45,1.23,1.67,416
2201,Texas County OK,40139,40,0.79,0.57,0.99,993
2203,Tulsa County OK,40143,40,0.87,0.35,1.41,3904
2205,Washington County OK,40147,40,1.08,0.74,1.45,401
2211,Clackamas County OR,41005,41,1.17,0.82,1.54,817
2232,Marion County OR,41047,41,1.16,0.73,1.51,1626
2234,Multnomah County OR,41051,41,1.27,0.68,1.81,2421
2238,Umatilla County OR,41059,41,1.7,1.57,1.81,714
2242,Washington County OR,41067,41,1.23,0.82,1.69,1536
2246,Allegheny County PA,42003,42,2.17,1.75,2.68,3457
2248,Beaver County PA,42007,42,2.31,1.88,2.71,724
2250,Berks County PA,42011,42,0.86,0.46,1.25,4575
2253,Bucks County PA,42017,42,1.21,0.62,1.53,5857
2259,Chester County PA,42029,42,1.16,0.62,1.55,3811
2263,Columbia County PA,42037,42,1.25,0.91,1.71,409
2265,Cumberland County PA,42041,42,0.75,0.09,1.25,876
2266,Dauphin County PA,42043,42,1.56,1.04,1.97,2202
2267,Delaware County PA,42045,42,1.61,1.05,2.11,7323
2269,Erie County PA,42049,42,1.31,0.78,1.81,658
2272,Franklin County PA,42055,42,1.44,1.17,1.73,958
2279,Lackawanna County PA,42069,42,1.75,1.28,2.05,1724
2280,Lancaster County PA,42071,42,0.67,0.2,1.04,4556
2282,Lebanon County PA,42075,42,1.18,0.7,1.67,1389
2283,Lehigh County PA,42077,42,0.82,0.38,1.23,4304
2284,Luzerne County PA,42079,42,1.73,1.23,2.13,2951
2289,Monroe County PA,42089,42,1.41,1.07,1.7,1432
2290,Montgomery County PA,42091,42,1.36,0.89,1.69,8610
2292,Northampton County PA,42095,42,1.4,0.95,1.7,3475
2295,Philadelphia County PA,42101,42,0.47,0.02,1.02,21908
2296,Pike County PA,42103,42,0.72,0.43,1.09,502
2298,Schuylkill County PA,42107,42,1.03,0.74,1.48,756
2309,Westmoreland County PA,42129,42,1.95,1.59,2.24,777
2311,York County PA,42133,42,0.92,0.43,1.35,1599
2313,Kent County RI,44003,44,2.05,1.54,2.47,1386
2315,Providence County RI,44007,44,2.33,1.89,2.75,14610
2316,Washington County RI,44009,44,0.99,0.59,1.32,594
2318,Aiken County SC,45003,45,1.83,1.51,2.06,468
2320,Anderson County SC,45007,45,1.96,1.55,2.36,808
2323,Beaufort County SC,45013,45,1.18,0.82,1.54,1423
2324,Berkeley County SC,45015,45,1.58,1.2,1.91,1506
2326,Charleston County SC,45019,45,1.31,0.89,1.65,5450
2330,Clarendon County SC,45027,45,1.67,1.38,1.88,447
2332,Darlington County SC,45031,45,1.49,1.28,1.75,478
2334,Dorchester County SC,45035,45,1.77,1.49,2.01,1012
2337,Florence County SC,45041,45,1.28,1.1,1.49,1326
2338,Georgetown County SC,45043,45,1.37,1.2,1.56,592
2339,Greenville County SC,45045,45,1.13,0.78,1.55,5614
2340,Greenwood County SC,45047,45,0.99,0.72,1.37,528
2342,Horry County SC,45051,45,1.38,0.83,1.64,4199
2344,Kershaw County SC,45055,45,1.14,0.88,1.42,735
2345,Lancaster County SC,45057,45,1.25,1.02,1.52,523
2346,Laurens County SC,45059,45,1.44,1.27,1.63,570
2348,Lexington County SC,45063,45,1.03,0.69,1.4,2312
2354,Orangeburg County SC,45075,45,1.24,1.09,1.45,892
2355,Pickens County SC,45077,45,0.8,0.36,1.14,943
2356,Richland County SC,45079,45,1.31,0.77,1.7,3916
2358,Spartanburg County SC,45083,45,1.27,0.97,1.58,1828
2359,Sumter County SC,45085,45,1.11,0.83,1.35,1199
2361,Williamsburg County SC,45089,45,1.21,0.96,1.44,429
2362,York County SC,45091,45,1.63,1.14,2.13,1510
2364,Beadle County SD,46005,46,0.88,0.6,1.15,546
2411,Minnehaha County SD,46099,46,1.95,1.67,2.29,3672
2414,Pennington County SD,46103,46,1.13,0.85,1.39,556
2430,Bedford County TN,47003,47,1.39,1.14,1.63,570
2432,Bledsoe County TN,47007,47,1.21,0.88,1.48,618
2434,Bradley County TN,47011,47,1.96,1.7,2.14,720
2447,Davidson County TN,47037,47,1.65,1.03,2.14,10775
2461,Hamilton County TN,47065,47,1.83,1.42,2.36,2753
2475,Knox County TN,47093,47,1.43,0.97,1.88,1150
2476,Lake County TN,47095,47,0.87,0.64,1.01,692
2484,Macon County TN,47111,47,1.78,1.56,1.96,451
2491,Montgomery County TN,47125,47,1.57,1.21,2,555
2499,Putnam County TN,47141,47,1.88,1.54,2.23,892
2502,Robertson County TN,47147,47,1.18,0.86,1.48,829
2503,Rutherford County TN,47149,47,1.68,1.39,1.97,2975
2506,Sevier County TN,47155,47,1.45,1.07,1.67,803
2507,Shelby County TN,47157,47,1.25,0.83,1.81,11525
2511,Sumner County TN,47165,47,1.86,1.45,2.25,1611
2512,Tipton County TN,47167,47,1.41,1.23,1.57,646
2513,Trousdale County TN,47169,47,1.2,0.9,1.41,1498
2522,Williamson County TN,47187,47,1.99,1.71,2.29,1304
2523,Wilson County TN,47189,47,1.57,1.34,1.87,923
2524,Anderson County TX,48001,48,1.43,1.19,1.63,1081
2526,Angelina County TX,48005,48,1.25,0.94,1.56,563
2534,Bastrop County TX,48021,48,0.94,0.59,1.2,458
2537,Bell County TX,48027,48,1.52,1.12,1.79,1566
2538,Bexar County TX,48029,48,0.95,0.33,1.54,13252
2542,Bowie County TX,48037,48,1.31,1,1.59,449
2543,Brazoria County TX,48039,48,1.22,0.68,1.63,2594
2544,Brazos County TX,48041,48,1.13,0.78,1.54,2329
2554,Cameron County TX,48061,48,1.02,0.63,1.46,2712
2566,Collin County TX,48085,48,1.13,0.57,1.69,3284
2569,Comal County TX,48091,48,1.47,1.18,1.75,671
2580,Dallas County TX,48113,48,1.31,0.71,1.85,23298
2584,Denton County TX,48121,48,1.03,0.56,1.48,3113
2591,Ector County TX,48135,48,1.68,1.42,1.92,766
2593,Ellis County TX,48139,48,1.77,1.56,1.99,1055
2594,El Paso County TX,48141,48,1.37,0.91,1.78,6941
2602,Fort Bend County TX,48157,48,0.95,0.54,1.44,4130
2607,Galveston County TX,48167,48,1.24,0.72,1.65,3991
2614,Grayson County TX,48181,48,1.3,0.94,1.63,640
2615,Gregg County TX,48183,48,1.77,1.4,2.08,409
2616,Grimes County TX,48185,48,1.35,1.24,1.48,558
2617,Guadalupe County TX,48187,48,1.37,0.97,1.72,799
2618,Hale County TX,48189,48,1.84,1.68,1.97,485
2624,Harris County TX,48201,48,0.74,0.15,1.39,35357
2628,Hays County TX,48209,48,1.18,0.74,1.5,3176
2631,Hidalgo County TX,48215,48,1.34,1.02,1.69,4788
2639,Hunt County TX,48231,48,1.35,1.04,1.63,530
2646,Jefferson County TX,48245,48,2.97,2.63,3.35,2533
2649,Johnson County TX,48251,48,2.07,1.8,2.34,574
2650,Jones County TX,48253,48,1,0.75,1.18,613
2652,Kaufman County TX,48257,48,1.85,1.65,2.05,772
2675,Lubbock County TX,48303,48,1.32,0.87,1.68,2783
2678,McLennan County TX,48309,48,2.12,1.78,2.51,1516
2685,Maverick County TX,48323,48,1.68,1.48,1.85,476
2688,Midland County TX,48329,48,1.37,0.94,1.63,810
2693,Montgomery County TX,48339,48,1.65,1.24,2.02,2449
2694,Moore County TX,48341,48,1.28,0.98,1.48,898
2697,Nacogdoches County TX,48347,48,1.59,1.36,1.87,434
2701,Nueces County TX,48355,48,1.76,1.29,2.21,3280
2711,Potter County TX,48375,48,2.56,2.34,2.91,2961
2714,Randall County TX,48381,48,2.31,2.06,2.57,937
2722,Rockwall County TX,48397,48,1.51,1.09,1.97,403
2735,Smith County TX,48423,48,1.73,1.36,2.09,744
2737,Starr County TX,48427,48,1.27,0.99,1.44,696
2743,Tarrant County TX,48439,48,1.26,0.71,1.82,13896
2744,Taylor County TX,48441,48,2.04,1.64,2.27,469
2748,Titus County TX,48449,48,1.29,1.03,1.53,744
2749,Tom Green County TX,48451,48,1.7,1.49,1.85,406
2750,Travis County TX,48453,48,1.46,0.95,1.96,11266
2758,Victoria County TX,48469,48,2.18,1.95,2.45,793
2759,Walker County TX,48471,48,0.77,0.54,1.07,2112
2763,Webb County TX,48479,48,1.45,1.23,1.67,1802
2766,Wichita County TX,48485,48,1.75,1.41,2.15,443
2769,Williamson County TX,48491,48,0.89,0.38,1.25,2437
2780,Cache County UT,49005,49,1.25,0.92,1.52,1477
2783,Davis County UT,49011,49,1.15,0.6,1.66,1376
2795,Salt Lake County UT,49035,49,1.07,0.67,1.58,12372
2796,San Juan County UT,49037,49,0.2,0.13,0.27,403
2799,Summit County UT,49043,49,1.42,1.18,1.68,518
2802,Utah County UT,49049,49,0.82,0.44,1.19,4431
2803,Wasatch County UT,49051,49,0.94,0.78,1.1,422
2804,Washington County UT,49053,49,0.99,0.77,1.25,1315
2806,Weber County UT,49057,49,1.24,0.74,1.69,1129
2810,Chittenden County VT,50007,50,1.23,0.67,1.62,627
2821,Accomack County VA,51001,51,0.64,0.4,0.91,1043
2822,Albemarle County VA,51003,51,1.06,0.7,1.42,428
2827,Arlington County VA,51013,51,0.81,0.35,1.38,2504
2835,Buckingham County VA,51029,51,1.01,0.85,1.19,572
2841,Chesterfield County VA,51041,51,0.57,0.15,1.38,3009
2844,Culpeper County VA,51047,51,0.52,0.32,0.91,816
2849,Fairfax County VA,51059,51,1.28,0.43,1.87,14044
2850,Fauquier County VA,51061,51,0.85,0.54,1.2,434
2854,Frederick County VA,51069,51,1.41,1.09,1.82,522
2862,Hanover County VA,51085,51,1.29,0.97,1.61,449
2863,Henrico County VA,51087,51,0.75,0.27,1.22,2643
2873,Loudoun County VA,51107,51,0.82,0.29,1.31,4143
2893,Prince William County VA,51153,51,1.14,0.6,1.67,7494
2899,Rockingham County VA,51165,51,1.27,0.96,1.51,748
2902,Shenandoah County VA,51171,51,1.02,0.77,1.18,586
2905,Spotsylvania County VA,51177,51,0.71,0.36,1.06,1019
2906,Stafford County VA,51179,51,0.59,0.13,0.98,998
2916,Alexandria city VA,51510,51,0.84,0.23,1.41,2349
2920,Chesapeake city VA,51550,51,1.02,0.37,1.47,985
2931,Harrisonburg city VA,51660,51,1.81,1.41,2.17,973
2935,Manassas city VA,51683,51,1.37,1.01,1.69,1443
2936,Manassas Park city VA,51685,51,0.78,0.24,1.27,437
2938,Newport News city VA,51700,51,1,0.43,1.49,557
2939,Norfolk city VA,51710,51,1.27,0.61,1.98,1013
2943,Portsmouth city VA,51740,51,1.66,1.23,2.19,539
2945,Richmond city VA,51760,51,0.59,0.16,1.06,2269
2946,Roanoke city VA,51770,51,1.6,0.89,2.18,496
2949,Suffolk city VA,51800,51,1.8,1.45,2.1,457
2950,Virginia Beach city VA,51810,51,1.17,0.6,1.78,1283
2956,Benton County WA,53005,53,0.96,0.69,1.21,1924
2957,Chelan County WA,53007,53,1.47,1.3,1.62,401
2959,Clark County WA,53011,53,2.14,1.68,2.54,812
2964,Franklin County WA,53021,53,0.85,0.58,1.12,1832
2966,Grant County WA,53025,53,1.31,1.08,1.49,540
2970,King County WA,53033,53,1.35,0.96,1.8,10832
2980,Pierce County WA,53053,53,1.43,1.08,1.93,2755
2982,Skagit County WA,53057,53,1.92,1.53,2.14,536
2984,Snohomish County WA,53061,53,1.45,1.02,1.73,3690
2985,Spokane County WA,53063,53,1.8,1.52,2.14,1615
2990,Whatcom County WA,53073,53,1.13,0.75,1.52,669
2992,Yakima County WA,53077,53,0.8,0.57,1,7428
2994,Berkeley County WV,54003,54,0.66,0.08,1.15,465
3052,Brown County WI,55009,55,1.06,0.7,1.51,2999
3060,Dane County WI,55025,55,1.69,1.42,1.99,2289
3061,Dodge County WI,55027,55,0.66,0.24,0.97,485
3077,Kenosha County WI,55059,55,1.57,1.21,1.83,1563
3079,La Crosse County WI,55063,55,1.19,0.83,1.52,502
3088,Milwaukee County WI,55079,55,1.2,0.6,1.75,11997
3092,Outagamie County WI,55087,55,1.01,0.7,1.33,516
3099,Racine County WI,55101,55,1.08,0.52,1.45,2201
3101,Rock County WI,55105,55,1.56,1.14,1.92,912
3112,Walworth County WI,55127,55,1.95,1.67,2.27,678
3114,Washington County WI,55131,55,2.18,1.75,2.58,427
3115,Waukesha County WI,55133,55,1.46,1.1,1.8,1294
3118,Winnebago County WI,55139,55,0.67,0.23,1.14,692
