ID,Name,FIPS,STATE,Re_median,Re_2.5pct,Re_97.5pct,totalcases
7,Butler County AL,01013,01,1.02,0.86,1.22,471
9,Chambers County AL,01017,01,1.33,1.15,1.57,401
26,Elmore County AL,01051,01,0.54,0.4,0.63,447
30,Franklin County AL,01059,01,0.86,0.66,1.04,634
37,Jefferson County AL,01073,01,0.65,0.44,0.81,2187
41,Lee County AL,01081,01,0.61,0.42,0.75,605
45,Madison County AL,01089,01,0.45,0.32,0.53,413
48,Marshall County AL,01095,01,0.49,0.32,0.58,764
49,Mobile County AL,01097,01,1.25,0.86,1.42,2545
51,Montgomery County AL,01101,01,0.92,0.6,1.12,2290
52,Morgan County AL,01103,01,1.52,1.33,1.69,456
59,Shelby County AL,01117,01,0.32,0.27,0.48,567
62,Tallapoosa County AL,01123,01,0.68,0.54,0.95,451
63,Tuscaloosa County AL,01125,01,1.21,0.95,1.56,1009
64,Walker County AL,01127,01,0.24,0.18,0.33,481
97,Apache County AZ,04001,04,1,0.93,1.1,1811
99,Coconino County AZ,04005,04,0.93,0.8,1.01,1314
104,Maricopa County AZ,04013,04,1.1,0.77,1.33,15281
105,Mohave County AZ,04015,04,1.23,1.09,1.35,552
106,Navajo County AZ,04017,04,1.14,1.05,1.24,2388
107,Pima County AZ,04019,04,1.41,1.16,1.73,3350
108,Pinal County AZ,04021,04,0.93,0.63,1.11,1209
109,Santa Cruz County AZ,04023,04,1.39,1.25,1.53,688
111,Yuma County AZ,04027,04,1.4,1.21,1.59,2439
115,Benton County AR,05007,05,1.53,1.04,1.75,1137
129,Crittenden County AR,05035,05,1.05,0.84,1.32,489
146,Jefferson County AR,05069,05,0.61,0.39,0.73,574
151,Lincoln County AR,05079,05,0.88,0.72,1.03,986
171,Pulaski County AR,05119,05,1.36,1.09,1.81,1188
173,St. Francis County AR,05123,05,0.46,0.32,0.61,764
183,Washington County AR,05143,05,0.87,0.55,1.03,1235
187,Alameda County CA,06001,06,0.94,0.76,1.26,4033
193,Contra Costa County CA,06013,06,1.61,1.24,1.84,1798
196,Fresno County CA,06019,06,1.05,0.7,1.28,2318
199,Imperial County CA,06025,06,1.58,1.33,1.75,3402
201,Kern County CA,06029,06,0.83,0.64,1.12,2942
202,Kings County CA,06031,06,1.11,0.94,1.36,1688
205,Los Angeles County CA,06037,06,0.93,0.78,1.27,67063
207,Marin County CA,06041,06,0.2,0.17,0.26,652
213,Monterey County CA,06053,06,0.68,0.58,0.79,791
216,Orange County CA,06059,06,1.03,0.76,1.34,7736
219,Riverside County CA,06065,06,1.23,0.96,1.52,9911
220,Sacramento County CA,06067,06,1.77,1.34,2.14,1642
222,San Bernardino County CA,06071,06,0.63,0.52,0.83,6593
223,San Diego County CA,06073,06,0.26,0.2,0.37,8835
224,San Francisco County CA,06075,06,1.31,0.96,1.68,2809
225,San Joaquin County CA,06077,06,1.77,1.27,2.09,1309
227,San Mateo County CA,06081,06,1.29,0.89,1.53,2475
228,Santa Barbara County CA,06083,06,1.03,0.81,1.33,1864
229,Santa Clara County CA,06085,06,1.4,1.02,1.75,3029
234,Solano County CA,06095,06,1.3,0.89,1.56,617
235,Sonoma County CA,06097,06,0.15,0.11,0.2,671
236,Stanislaus County CA,06099,06,1.73,1.26,2.09,1023
240,Tulare County CA,06107,06,0.66,0.44,0.81,2432
242,Ventura County CA,06111,06,0.11,0.07,0.13,1404
245,Adams County CO,08001,08,0.39,0.24,0.44,3644
247,Arapahoe County CO,08005,08,0.87,0.58,0.99,4709
251,Boulder County CO,08013,08,0.19,0.16,0.29,1031
261,Denver County CO,08031,08,0.6,0.45,0.79,6204
263,Douglas County CO,08035,08,0.13,0.09,0.17,771
264,Eagle County CO,08037,08,1.02,0.83,1.23,617
266,El Paso County CO,08041,08,0.5,0.42,0.74,1888
275,Jefferson County CO,08059,08,0.85,0.6,1,2424
280,Larimer County CO,08069,08,0.26,0.19,0.32,636
283,Logan County CO,08075,08,0.88,0.76,0.99,631
289,Morgan County CO,08087,08,0.85,0.69,1.02,644
307,Weld County CO,08123,08,0.3,0.19,0.35,2616
309,Fairfield County CT,09001,09,0.46,0.3,0.54,16134
310,Hartford County CT,09003,09,0.45,0.33,0.59,10924
311,Litchfield County CT,09005,09,0.1,0.09,0.16,1430
312,Middlesex County CT,09007,09,0.27,0.17,0.32,1199
313,New Haven County CT,09009,09,0.88,0.63,1.14,11911
314,New London County CT,09011,09,0.48,0.34,0.6,1130
315,Tolland County CT,09013,09,0.53,0.41,0.7,878
316,Windham County CT,09015,09,0.95,0.63,1.14,438
317,Kent County DE,10001,10,1.1,0.77,1.33,1530
318,New Castle County DE,10003,10,0.7,0.55,0.96,4139
319,Sussex County DE,10005,10,0.33,0.26,0.42,4373
320,District of Columbia DC,11001,11,0.54,0.35,0.63,9537
321,Alachua County FL,12001,12,0.4,0.32,0.5,440
325,Brevard County FL,12009,12,0.2,0.13,0.23,486
326,Broward County FL,12011,12,1.74,1.27,2.12,8193
328,Charlotte County FL,12015,12,0.35,0.29,0.51,508
330,Clay County FL,12019,12,0.47,0.35,0.61,425
331,Collier County FL,12021,12,1.69,1.31,2.03,2230
335,Duval County FL,12031,12,0.1,0.08,0.14,1848
336,Escambia County FL,12033,12,1.42,0.96,1.64,916
345,Hendry County FL,12051,12,1.03,0.85,1.21,580
348,Hillsborough County FL,12057,12,1.11,0.83,1.31,3027
355,Lee County FL,12071,12,0.94,0.78,1.39,2423
356,Leon County FL,12073,12,0.62,0.54,0.74,452
360,Manatee County FL,12081,12,0.1,0.09,0.16,1245
362,Martin County FL,12085,12,0.32,0.26,0.39,958
363,Miami-Dade County FL,12086,12,1.24,0.88,1.43,20277
368,Orange County FL,12095,12,2.14,1.63,2.62,2542
369,Osceola County FL,12097,12,0.46,0.36,0.61,770
370,Palm Beach County FL,12099,12,1.1,0.77,1.32,7678
371,Pasco County FL,12101,12,0.09,0.07,0.13,457
372,Pinellas County FL,12103,12,1.62,1.24,1.89,1746
373,Polk County FL,12105,12,1.68,1.29,1.99,1287
376,St. Lucie County FL,12111,12,0.34,0.23,0.4,697
378,Sarasota County FL,12115,12,0.28,0.23,0.4,705
379,Seminole County FL,12117,12,0.14,0.12,0.17,585
384,Volusia County FL,12127,12,0.88,0.6,1.04,849
392,Baldwin County GA,13009,13,0.72,0.5,0.89,411
395,Bartow County GA,13015,13,0.67,0.48,0.81,532
398,Bibb County GA,13021,13,0.15,0.13,0.18,536
409,Carroll County GA,13045,13,0.11,0.08,0.14,591
412,Chatham County GA,13051,13,0.56,0.45,0.76,574
415,Cherokee County GA,13057,13,1.34,0.94,1.62,994
418,Clayton County GA,13063,13,0.8,0.53,0.95,1395
420,Cobb County GA,13067,13,0.79,0.55,1,3431
422,Colquitt County GA,13071,13,1.21,0.91,1.49,607
425,Coweta County GA,13077,13,0.72,0.53,0.91,480
431,DeKalb County GA,13089,13,0.95,0.65,1.18,4214
434,Dougherty County GA,13095,13,0.57,0.43,0.75,1826
435,Douglas County GA,13097,13,0.34,0.23,0.4,631
445,Forsyth County GA,13117,13,1.32,0.95,1.6,578
447,Fulton County GA,13121,13,0.9,0.68,1.08,5021
454,Gwinnett County GA,13135,13,1.69,1.14,1.91,4908
455,Habersham County GA,13137,13,1.16,0.93,1.41,572
456,Hall County GA,13139,13,0.85,0.57,1.02,2692
462,Henry County GA,13151,13,0.38,0.25,0.45,806
463,Houston County GA,13153,13,0.17,0.14,0.19,412
479,Lowndes County GA,13185,13,0.63,0.45,0.79,521
488,Mitchell County GA,13205,13,0.15,0.11,0.2,429
493,Muscogee County GA,13215,13,0.1,0.08,0.14,910
508,Richmond County GA,13245,13,1.48,1.04,1.83,659
516,Sumter County GA,13261,13,1.02,0.79,1.26,500
528,Troup County GA,13285,13,0.31,0.24,0.37,574
542,Whitfield County GA,13313,13,1.29,1.03,1.67,526
548,Honolulu County HI,15003,15,0.3,0.2,0.35,451
552,Ada County ID,16001,16,0.23,0.18,0.32,854
558,Blaine County ID,16013,16,0.63,0.53,0.76,515
593,Twin Falls County ID,16083,16,0.52,0.43,0.73,469
599,Boone County IL,17007,17,0.89,0.74,1.03,511
605,Champaign County IL,17019,17,0.57,0.49,0.81,700
611,Cook County IL,17031,17,0.57,0.49,0.84,83583
614,DeKalb County IL,17037,17,0.33,0.26,0.42,460
617,DuPage County IL,17043,17,0.31,0.24,0.42,8255
640,Kane County IL,17089,17,0.35,0.24,0.43,6948
641,Kankakee County IL,17091,17,0.94,0.62,1.15,1047
642,Kendall County IL,17093,17,0.3,0.25,0.45,863
644,Lake County IL,17097,17,0.35,0.26,0.45,8886
651,McHenry County IL,17111,17,0.26,0.18,0.31,1776
655,Madison County IL,17119,17,0.63,0.41,0.73,660
676,Rock Island County IL,17161,17,1.23,0.93,1.54,719
677,St. Clair County IL,17163,17,1.32,0.94,1.64,1354
694,Will County IL,17197,17,0.35,0.28,0.48,6011
696,Winnebago County IL,17201,17,0.32,0.24,0.44,2627
699,Allen County IN,18003,18,0.89,0.74,1.11,2014
700,Bartholomew County IN,18005,18,0.66,0.51,0.79,540
706,Cass County IN,18017,18,0.65,0.49,0.83,1593
707,Clark County IN,18019,18,0.07,0.06,0.1,549
717,Elkhart County IN,18039,18,0.86,0.72,1.15,1832
726,Hamilton County IN,18057,18,0.29,0.21,0.38,1242
729,Hendricks County IN,18063,18,0.23,0.19,0.34,1235
731,Howard County IN,18067,18,0.8,0.63,1.1,453
733,Jackson County IN,18071,18,0.45,0.3,0.57,407
738,Johnson County IN,18081,18,0.54,0.36,0.67,1155
742,Lake County IN,18089,18,0.44,0.34,0.59,4033
743,LaPorte County IN,18091,18,0.36,0.24,0.44,463
745,Madison County IN,18095,18,0.27,0.24,0.38,607
746,Marion County IN,18097,18,0.75,0.56,1.01,10464
761,Porter County IN,18127,18,0.17,0.11,0.2,576
768,St. Joseph County IN,18141,18,0.56,0.47,0.84,1453
770,Shelby County IN,18145,18,0.33,0.22,0.41,403
776,Tippecanoe County IN,18157,18,0.26,0.22,0.39,466
796,Black Hawk County IA,19013,19,0.18,0.14,0.24,1809
800,Buena Vista County IA,19021,19,1.29,1.11,1.41,1331
813,Crawford County IA,19047,19,1.08,0.94,1.24,582
814,Dallas County IA,19049,19,1.2,1.03,1.32,973
841,Johnson County IA,19103,19,0.5,0.4,0.66,634
846,Linn County IA,19113,19,0.22,0.17,0.29,1005
853,Marshall County IA,19127,19,1.22,1.01,1.37,931
859,Muscatine County IA,19139,19,0.19,0.15,0.26,569
866,Polk County IA,19153,19,1.21,0.88,1.47,4898
875,Tama County IA,19171,19,0.88,0.74,1.04,418
879,Wapello County IA,19179,19,0.57,0.43,0.8,663
886,Woodbury County IA,19193,19,0.89,0.73,1.07,2958
916,Finney County KS,20055,20,1.13,0.85,1.35,1537
917,Ford County KS,20057,20,1.04,0.79,1.3,1852
934,Johnson County KS,20091,20,0.18,0.12,0.21,1003
940,Leavenworth County KS,20103,20,0.69,0.52,0.96,1102
944,Lyon County KS,20111,20,0.56,0.41,0.68,452
975,Sedgwick County KS,20173,20,0.19,0.15,0.26,684
976,Seward County KS,20175,20,1.17,0.93,1.46,897
977,Shawnee County KS,20177,20,0.93,0.66,1.21,407
993,Wyandotte County KS,20209,20,0.26,0.21,0.36,1607
1001,Boone County KY,21015,21,1.25,0.9,1.61,532
1027,Fayette County KY,21067,21,1.19,0.9,1.57,956
1049,Jefferson County KY,21111,21,1.49,1.05,1.84,3226
1052,Kenton County KY,21117,21,0.67,0.46,0.82,681
1082,Muhlenberg County KY,21177,21,0.31,0.23,0.4,484
1107,Warren County KY,21227,21,0.41,0.34,0.59,1179
1114,Acadia Parish LA,22001,22,1.34,1.06,1.62,522
1116,Ascension Parish LA,22005,22,0.6,0.44,0.75,906
1121,Bossier Parish LA,22015,22,1.04,0.77,1.24,478
1122,Caddo Parish LA,22017,22,1.22,0.94,1.51,2784
1123,Calcasieu Parish LA,22019,22,0.42,0.27,0.49,673
1130,East Baton Rouge Parish LA,22033,22,1.2,0.85,1.51,4054
1136,Iberia Parish LA,22045,22,0.5,0.4,0.67,429
1137,Iberville Parish LA,22047,22,0.69,0.48,0.8,607
1139,Jefferson Parish LA,22051,22,0.95,0.76,1.39,7971
1141,Lafayette Parish LA,22055,22,0.91,0.71,1.16,931
1142,Lafourche Parish LA,22057,22,0.08,0.07,0.12,928
1145,Livingston Parish LA,22063,22,0.18,0.12,0.21,484
1149,Orleans Parish LA,22071,22,0.75,0.49,0.9,7279
1150,Ouachita Parish LA,22073,22,1.78,1.36,2.1,1594
1153,Rapides Parish LA,22079,22,0.57,0.49,0.64,1007
1157,St. Bernard Parish LA,22087,22,0.11,0.08,0.13,558
1158,St. Charles Parish LA,22089,22,0.81,0.53,0.95,653
1161,St. John the Baptist Parish LA,22095,22,0.65,0.53,0.9,883
1165,St. Tammany Parish LA,22103,22,1.05,0.69,1.28,1872
1166,Tangipahoa Parish LA,22105,22,0.27,0.21,0.38,973
1168,Terrebonne Parish LA,22109,22,0.34,0.23,0.38,761
1172,Washington Parish LA,22117,22,1.15,0.89,1.36,500
1180,Cumberland County ME,23005,23,0.94,0.62,1.15,1339
1193,York County ME,23031,23,0.1,0.09,0.11,432
1195,Anne Arundel County MD,24003,24,0.11,0.07,0.13,4349
1196,Baltimore County MD,24005,24,0.43,0.36,0.57,6916
1199,Carroll County MD,24013,24,0.61,0.48,0.82,969
1200,Cecil County MD,24015,24,0.12,0.09,0.15,423
1201,Charles County MD,24017,24,0.71,0.49,0.86,1231
1203,Frederick County MD,24021,24,0.49,0.42,0.71,2178
1205,Harford County MD,24025,24,0.27,0.18,0.31,982
1206,Howard County MD,24027,24,0.62,0.41,0.74,2220
1208,Montgomery County MD,24031,24,0.94,0.62,1.1,13124
1209,Prince George's County MD,24033,24,0.44,0.37,0.68,16753
1211,St. Mary's County MD,24037,24,0.77,0.66,1.15,565
1214,Washington County MD,24043,24,1.09,0.79,1.43,551
1215,Wicomico County MD,24045,24,0.43,0.29,0.53,992
1217,Baltimore city MD,24510,24,0.85,0.72,1.33,6428
1218,Barnstable County MA,25001,25,0.47,0.39,0.71,1467
1219,Berkshire County MA,25003,25,0.05,0.04,0.07,574
1220,Bristol County MA,25005,25,0.4,0.26,0.45,7754
1222,Essex County MA,25009,25,0.27,0.21,0.32,15365
1224,Hampden County MA,25013,25,0.66,0.54,0.95,6396
1225,Hampshire County MA,25015,25,0.26,0.22,0.32,905
1226,Middlesex County MA,25017,25,0.71,0.61,1.06,22889
1228,Norfolk County MA,25021,25,0.89,0.57,1.03,8774
1229,Plymouth County MA,25023,25,0.41,0.29,0.51,8418
1230,Suffolk County MA,25025,25,0.8,0.69,1.05,19099
1231,Worcester County MA,25027,25,0.43,0.33,0.59,11820
1242,Berrien County MI,26021,26,0.91,0.65,1.16,808
1244,Calhoun County MI,26025,26,1.49,1.1,1.79,475
1256,Genesee County MI,26049,26,0.23,0.18,0.29,2558
1264,Ingham County MI,26065,26,0.89,0.57,1.08,810
1269,Jackson County MI,26075,26,0.31,0.22,0.4,484
1270,Kalamazoo County MI,26077,26,0.27,0.23,0.31,940
1272,Kent County MI,26081,26,1.01,0.74,1.25,4262
1278,Livingston County MI,26093,26,0.07,0.05,0.09,519
1281,Macomb County MI,26099,26,0.06,0.04,0.08,7000
1289,Monroe County MI,26115,26,0.66,0.45,0.83,560
1292,Muskegon County MI,26121,26,1.02,0.75,1.21,726
1294,Oakland County MI,26125,26,1.34,0.94,1.7,11262
1301,Ottawa County MI,26139,26,0.72,0.47,0.86,901
1304,Saginaw County MI,26145,26,0.1,0.09,0.15,1138
1305,St. Clair County MI,26147,26,1.11,0.84,1.45,514
1312,Washtenaw County MI,26161,26,0.78,0.61,1.03,1551
1313,Wayne County MI,26163,26,1.08,0.92,1.51,21570
1316,Anoka County MN,27003,27,0.45,0.31,0.56,1654
1328,Clay County MN,27027,27,0.94,0.78,1.07,490
1333,Dakota County MN,27037,27,0.48,0.4,0.67,1572
1341,Hennepin County MN,27053,27,0.57,0.49,0.72,9674
1348,Kandiyohi County MN,27067,27,1.08,0.81,1.3,534
1364,Mower County MN,27099,27,1.44,1.32,1.55,574
1367,Nobles County MN,27105,27,0.94,0.79,1.07,1600
1369,Olmsted County MN,27109,27,1.24,1.01,1.73,740
1376,Ramsey County MN,27123,27,0.53,0.39,0.69,3680
1380,Rice County MN,27131,27,1.01,0.75,1.17,595
1384,Scott County MN,27139,27,0.36,0.31,0.46,504
1387,Stearns County MN,27145,27,1.49,1.35,1.67,2081
1396,Washington County MN,27163,27,0.42,0.32,0.56,735
1418,DeSoto County MS,28033,28,1.21,0.94,1.49,664
1419,Forrest County MS,28035,28,0.52,0.41,0.73,667
1426,Hinds County MS,28049,28,0.91,0.71,1.25,1206
1427,Holmes County MS,28051,28,0.67,0.47,0.81,460
1435,Jones County MS,28067,28,0.73,0.56,1.01,812
1439,Lauderdale County MS,28075,28,0.31,0.23,0.4,795
1441,Leake County MS,28079,28,0.87,0.68,1.03,472
1446,Madison County MS,28089,28,1.21,0.88,1.4,843
1451,Neshoba County MS,28099,28,1.01,0.82,1.19,821
1462,Rankin County MS,28121,28,0.35,0.24,0.42,505
1463,Scott County MS,28123,28,0.71,0.53,0.91,682
1494,Buchanan County MO,29021,29,1.23,0.92,1.57,762
1531,Jackson County MO,29095,29,0.99,0.84,1.38,2378
1575,St. Charles County MO,29183,29,1.22,0.83,1.43,871
1579,St. Louis County MO,29189,29,0.67,0.52,0.9,5160
1598,St. Louis city MO,29510,29,0.74,0.48,0.85,1985
1673,Colfax County NE,31037,31,0.51,0.42,0.72,638
1676,Dakota County NE,31043,31,0.54,0.44,0.62,1717
1678,Dawson County NE,31047,31,1.04,0.9,1.25,846
1681,Dodge County NE,31053,31,0.96,0.82,1.08,593
1682,Douglas County NE,31055,31,1,0.8,1.39,5245
1694,Hall County NE,31079,31,1.41,1.24,1.58,1553
1709,Lancaster County NE,31109,31,0.49,0.33,0.58,1393
1725,Platte County NE,31141,31,1.12,0.91,1.31,634
1730,Saline County NE,31151,31,0.94,0.75,1.13,518
1731,Sarpy County NE,31153,31,0.67,0.58,0.98,809
1749,Clark County NV,32003,32,1.04,0.7,1.18,7972
1762,Washoe County NV,32031,32,1.24,0.95,1.45,1788
1770,Hillsborough County NH,33011,33,0.55,0.41,0.69,2833
1772,Rockingham County NH,33015,33,0.54,0.39,0.66,1392
1775,Atlantic County NJ,34001,34,0.88,0.62,1.08,2422
1776,Bergen County NJ,34003,34,0.75,0.51,0.9,18678
1777,Burlington County NJ,34005,34,0.68,0.46,0.81,4826
1778,Camden County NJ,34007,34,0.71,0.49,0.87,6905
1779,Cape May County NJ,34009,34,0.27,0.21,0.39,662
1780,Cumberland County NJ,34011,34,0.66,0.52,0.95,2604
1781,Essex County NJ,34013,34,0.88,0.65,1.21,18206
1782,Gloucester County NJ,34015,34,0.48,0.41,0.75,2360
1783,Hudson County NJ,34017,34,1.1,0.77,1.26,18647
1784,Hunterdon County NJ,34019,34,0.4,0.32,0.51,1031
1785,Mercer County NJ,34021,34,0.73,0.57,0.95,7245
1786,Middlesex County NJ,34023,34,0.33,0.26,0.44,16288
1787,Monmouth County NJ,34025,34,0.96,0.65,1.14,8563
1788,Morris County NJ,34027,34,0.25,0.2,0.33,6596
1789,Ocean County NJ,34029,34,0.83,0.63,1.12,9100
1790,Passaic County NJ,34031,34,0.17,0.14,0.25,16524
1791,Salem County NJ,34033,34,0.84,0.64,1.13,687
1792,Somerset County NJ,34035,34,0.08,0.07,0.13,4698
1793,Sussex County NJ,34037,34,0.11,0.09,0.16,1144
1794,Union County NJ,34039,34,0.63,0.45,0.8,16317
1795,Warren County NJ,34041,34,0.18,0.14,0.24,1197
1796,Bernalillo County NM,35001,35,1.15,0.8,1.41,1623
1803,Doa Ana County NM,35013,35,0.92,0.6,1.09,615
1813,McKinley County NM,35031,35,1,0.86,1.09,2807
1819,Sandoval County NM,35043,35,0.8,0.63,0.99,604
1820,San Juan County NM,35045,35,1,0.8,1.19,2034
1829,Albany County NY,36001,36,0.48,0.33,0.56,1986
1831,Bronx County NY,36005,36,0.55,0.38,0.63,46223
1832,Broome County NY,36007,36,0.73,0.51,0.89,630
1839,Columbia County NY,36021,36,0.4,0.28,0.53,420
1842,Dutchess County NY,36027,36,0.3,0.26,0.44,4022
1843,Erie County NY,36029,36,0.62,0.49,0.74,6616
1852,Kings County NY,36047,36,0.66,0.44,0.77,57484
1856,Monroe County NY,36055,36,0.42,0.33,0.58,3255
1858,Nassau County NY,36059,36,0.83,0.62,1.12,41015
1859,New York County NY,36061,36,0.9,0.77,1.38,27328
1860,Niagara County NY,36063,36,0.45,0.35,0.56,1129
1861,Oneida County NY,36065,36,1,0.69,1.18,1203
1862,Onondaga County NY,36067,36,0.33,0.28,0.48,2433
1864,Orange County NY,36071,36,0.72,0.51,0.92,10541
1868,Putnam County NY,36079,36,0.21,0.14,0.26,1282
1869,Queens County NY,36081,36,0.18,0.13,0.22,63326
1870,Rensselaer County NY,36083,36,0.24,0.2,0.36,522
1871,Richmond County NY,36085,36,0.66,0.49,0.88,13761
1872,Rockland County NY,36087,36,0.68,0.52,0.92,13372
1874,Saratoga County NY,36091,36,0.09,0.07,0.13,511
1875,Schenectady County NY,36093,36,0.17,0.14,0.26,716
1880,Suffolk County NY,36103,36,0.07,0.05,0.09,40464
1881,Sullivan County NY,36105,36,0.2,0.15,0.27,1425
1884,Ulster County NY,36111,36,0.59,0.46,0.68,1726
1888,Westchester County NY,36119,36,0.83,0.57,0.98,34076
1891,Alamance County NC,37001,37,0.5,0.36,0.65,575
1901,Buncombe County NC,37021,37,0.72,0.58,1.04,408
1902,Burke County NC,37023,37,0.86,0.68,1.17,595
1903,Cabarrus County NC,37025,37,0.36,0.3,0.54,615
1909,Chatham County NC,37037,37,1.28,1.07,1.44,749
1916,Cumberland County NC,37051,37,0.13,0.11,0.16,811
1919,Davidson County NC,37057,37,1.09,0.76,1.33,545
1921,Duplin County NC,37061,37,0.98,0.79,1.18,1072
1922,Durham County NC,37063,37,1.5,1.14,1.94,2284
1924,Forsyth County NC,37067,37,0.98,0.69,1.17,1911
1929,Granville County NC,37077,37,1.88,1.66,2.04,610
1931,Guilford County NC,37081,37,1.23,0.92,1.49,1806
1941,Johnston County NC,37101,37,1.34,1.11,1.68,678
1943,Lee County NC,37105,37,0.39,0.3,0.49,558
1950,Mecklenburg County NC,37119,37,1.02,0.85,1.34,5861
1958,Orange County NC,37135,37,0.45,0.32,0.57,417
1964,Pitt County NC,37147,37,1.03,0.67,1.17,416
1966,Randolph County NC,37151,37,0.73,0.61,0.84,843
1968,Robeson County NC,37155,37,0.67,0.43,0.77,900
1970,Rowan County NC,37159,37,1.39,1.1,1.76,788
1972,Sampson County NC,37163,37,0.89,0.71,1.05,627
1980,Union County NC,37179,37,1.21,1,1.69,616
1982,Wake County NC,37183,37,1.26,0.92,1.61,2448
1986,Wayne County NC,37191,37,1.4,1.1,1.73,1367
1987,Wilkes County NC,37193,37,0.59,0.44,0.77,513
1988,Wilson County NC,37195,37,1.38,1.03,1.7,456
1999,Cass County ND,38017,38,0.43,0.36,0.58,1958
2050,Belmont County OH,39013,39,0.34,0.28,0.53,460
2052,Butler County OH,39017,39,0.56,0.42,0.74,1045
2058,Columbiana County OH,39029,39,0.7,0.6,1,903
2061,Cuyahoga County OH,39035,39,0.63,0.54,0.94,5011
2068,Franklin County OH,39049,39,1.01,0.66,1.18,6741
2074,Hamilton County OH,39061,39,0.78,0.52,0.92,2975
2090,Lorain County OH,39093,39,0.52,0.34,0.63,762
2091,Lucas County OH,39095,39,0.28,0.23,0.41,2390
2093,Mahoning County OH,39099,39,0.08,0.06,0.1,1529
2094,Marion County OH,39101,39,1.15,0.94,1.31,2697
2100,Montgomery County OH,39113,39,0.84,0.56,0.98,847
2108,Pickaway County OH,39129,39,1.25,1.03,1.45,2110
2119,Stark County OH,39151,39,0.9,0.63,1.12,840
2120,Summit County OH,39153,39,0.72,0.53,0.93,1621
2121,Trumbull County OH,39155,39,0.13,0.1,0.18,620
2126,Warren County OH,39165,39,0.92,0.6,1.15,461
2145,Cleveland County OK,40027,40,0.12,0.1,0.17,529
2186,Oklahoma County OK,40109,40,1.43,0.96,1.66,1436
2201,Texas County OK,40139,40,0.88,0.69,1.08,955
2203,Tulsa County OK,40143,40,1.58,1.15,1.85,1308
2232,Marion County OR,41047,41,0.74,0.49,0.86,1071
2234,Multnomah County OR,41051,41,1.74,1.2,2.05,1361
2242,Washington County OR,41067,41,1.12,0.83,1.31,814
2246,Allegheny County PA,42003,42,0.86,0.75,1.2,2040
2248,Beaver County PA,42007,42,0.52,0.32,0.62,612
2250,Berks County PA,42011,42,0.84,0.6,0.98,4251
2253,Bucks County PA,42017,42,0.37,0.24,0.43,5340
2259,Chester County PA,42029,42,0.97,0.78,1.36,3161
2265,Cumberland County PA,42041,42,0.84,0.53,0.99,688
2266,Dauphin County PA,42043,42,0.84,0.72,1.17,1541
2267,Delaware County PA,42045,42,0.39,0.29,0.5,6754
2269,Erie County PA,42049,42,1.05,0.73,1.26,408
2272,Franklin County PA,42055,42,0.39,0.29,0.53,807
2279,Lackawanna County PA,42069,42,0.2,0.16,0.27,1592
2280,Lancaster County PA,42071,42,1.3,0.95,1.6,3600
2282,Lebanon County PA,42075,42,0.33,0.26,0.45,1091
2283,Lehigh County PA,42077,42,1.1,0.72,1.28,3895
2284,Luzerne County PA,42079,42,0.86,0.61,1.03,2810
2289,Monroe County PA,42089,42,0.19,0.13,0.23,1344
2290,Montgomery County PA,42091,42,0.52,0.44,0.76,7709
2292,Northampton County PA,42095,42,0.31,0.26,0.39,3194
2295,Philadelphia County PA,42101,42,0.46,0.32,0.59,19481
2296,Pike County PA,42103,42,0.25,0.2,0.32,483
2298,Schuylkill County PA,42107,42,0.69,0.59,1.04,664
2309,Westmoreland County PA,42129,42,0.17,0.11,0.2,473
2311,York County PA,42133,42,0.1,0.07,0.13,1104
2313,Kent County RI,44003,44,0.71,0.48,0.81,1233
2315,Providence County RI,44007,44,0.68,0.48,0.85,13381
2316,Washington County RI,44009,44,0.12,0.09,0.16,570
2323,Beaufort County SC,45013,45,0.11,0.07,0.13,483
2326,Charleston County SC,45019,45,0.55,0.36,0.63,869
2337,Florence County SC,45041,45,0.31,0.26,0.45,730
2339,Greenville County SC,45045,45,1.5,1.15,1.91,2371
2342,Horry County SC,45051,45,2.29,1.71,2.62,804
2348,Lexington County SC,45063,45,0.24,0.19,0.34,949
2356,Richland County SC,45079,45,1.49,0.98,1.76,1938
2358,Spartanburg County SC,45083,45,1.25,0.85,1.49,835
2359,Sumter County SC,45085,45,0.18,0.15,0.26,509
2362,York County SC,45091,45,0.7,0.51,0.87,536
2411,Minnehaha County SD,46099,46,0.37,0.31,0.54,3430
2432,Bledsoe County TN,47007,47,1,0.82,1.21,614
2447,Davidson County TN,47037,47,1.57,1.14,1.87,6190
2461,Hamilton County TN,47065,47,0.88,0.63,1.12,1161
2475,Knox County TN,47093,47,1.47,1.09,1.88,500
2476,Lake County TN,47095,47,1.1,0.99,1.2,712
2499,Putnam County TN,47141,47,0.93,0.71,1.24,571
2502,Robertson County TN,47147,47,0.88,0.71,1.21,587
2503,Rutherford County TN,47149,47,1.48,1.06,1.7,1600
2507,Shelby County TN,47157,47,0.98,0.85,1.49,6204
2511,Sumner County TN,47165,47,0.88,0.57,1.07,1036
2512,Tipton County TN,47167,47,0.43,0.3,0.55,488
2513,Trousdale County TN,47169,47,0.92,0.69,1.15,1397
2522,Williamson County TN,47187,47,1.1,0.85,1.35,658
2523,Wilson County TN,47189,47,1.28,0.86,1.52,499
2537,Bell County TX,48027,48,1.34,0.9,1.6,507
2538,Bexar County TX,48029,48,1.22,0.98,1.6,3513
2543,Brazoria County TX,48039,48,0.37,0.3,0.5,1032
2544,Brazos County TX,48041,48,0.09,0.07,0.12,665
2554,Cameron County TX,48061,48,0.37,0.26,0.48,951
2566,Collin County TX,48085,48,0.37,0.27,0.48,1546
2580,Dallas County TX,48113,48,0.42,0.31,0.56,12645
2584,Denton County TX,48121,48,0.58,0.45,0.78,1559
2593,Ellis County TX,48139,48,1.64,1.13,1.86,418
2594,El Paso County TX,48141,48,1.14,0.83,1.4,3582
2602,Fort Bend County TX,48157,48,0.95,0.63,1.15,2225
2607,Galveston County TX,48167,48,0.9,0.62,1.06,1051
2624,Harris County TX,48201,48,1.21,0.77,1.4,15238
2628,Hays County TX,48209,48,1.22,0.93,1.37,465
2631,Hidalgo County TX,48215,48,1.88,1.37,2.28,804
2646,Jefferson County TX,48245,48,0.67,0.44,0.78,1184
2650,Jones County TX,48253,48,1.34,1.14,1.57,636
2675,Lubbock County TX,48303,48,0.45,0.3,0.55,759
2693,Montgomery County TX,48339,48,0.35,0.25,0.43,1122
2694,Moore County TX,48341,48,1.05,0.76,1.27,864
2711,Potter County TX,48375,48,0.51,0.4,0.73,2766
2714,Randall County TX,48381,48,0.26,0.22,0.41,740
2743,Tarrant County TX,48439,48,1.07,0.71,1.27,6433
2748,Titus County TX,48449,48,1.24,0.98,1.48,562
2750,Travis County TX,48453,48,1.01,0.71,1.26,3977
2759,Walker County TX,48471,48,1.02,0.9,1.33,1842
2763,Webb County TX,48479,48,0.39,0.29,0.51,634
2769,Williamson County TX,48491,48,0.61,0.38,0.72,745
2780,Cache County UT,49005,49,0.49,0.36,0.6,806
2783,Davis County UT,49011,49,1.36,1,1.6,593
2795,Salt Lake County UT,49035,49,1.47,1.01,1.77,6591
2799,Summit County UT,49043,49,1,0.83,1.15,440
2802,Utah County UT,49049,49,0.99,0.75,1.18,2376
2804,Washington County UT,49053,49,1.22,0.97,1.41,532
2810,Chittenden County VT,50007,50,0.1,0.07,0.13,544
2821,Accomack County VA,51001,51,0.6,0.49,0.83,986
2827,Arlington County VA,51013,51,0.92,0.68,1.16,2280
2835,Buckingham County VA,51029,51,0.92,0.8,1.06,498
2841,Chesterfield County VA,51041,51,1.15,0.84,1.46,1996
2844,Culpeper County VA,51047,51,0.4,0.34,0.62,774
2849,Fairfax County VA,51059,51,0.7,0.51,0.9,12746
2854,Frederick County VA,51069,51,0.44,0.33,0.59,416
2863,Henrico County VA,51087,51,0.73,0.49,0.86,2162
2873,Loudoun County VA,51107,51,0.7,0.59,0.99,3190
2893,Prince William County VA,51153,51,0.54,0.43,0.73,6377
2899,Rockingham County VA,51165,51,0.43,0.35,0.52,606
2902,Shenandoah County VA,51171,51,0.26,0.2,0.33,493
2905,Spotsylvania County VA,51177,51,1.12,0.75,1.36,724
2906,Stafford County VA,51179,51,0.32,0.24,0.4,833
2916,Alexandria city VA,51510,51,0.62,0.48,0.85,2126
2920,Chesapeake city VA,51550,51,1.05,0.83,1.25,617
2931,Harrisonburg city VA,51660,51,0.2,0.15,0.28,842
2935,Manassas city VA,51683,51,0.64,0.45,0.85,1262
2939,Norfolk city VA,51710,51,1.04,0.84,1.36,607
2945,Richmond city VA,51760,51,0.69,0.6,0.9,1686
2950,Virginia Beach city VA,51810,51,0.09,0.06,0.11,823
2956,Benton County WA,53005,53,0.21,0.17,0.28,1013
2959,Clark County WA,53011,53,0.61,0.42,0.71,587
2964,Franklin County WA,53021,53,0.83,0.6,1.03,806
2970,King County WA,53033,53,1.13,0.95,1.66,8549
2980,Pierce County WA,53053,53,0.63,0.5,0.89,2077
2982,Skagit County WA,53057,53,0.58,0.45,0.81,450
2984,Snohomish County WA,53061,53,0.4,0.24,0.44,3085
2985,Spokane County WA,53063,53,1.67,1.07,1.86,780
2990,Whatcom County WA,53073,53,0.87,0.66,1.15,426
2992,Yakima County WA,53077,53,1.23,1.02,1.39,4909
3052,Brown County WI,55009,55,0.39,0.26,0.46,2405
3060,Dane County WI,55025,55,0.32,0.24,0.39,884
3061,Dodge County WI,55027,55,1.3,1.12,1.48,410
3077,Kenosha County WI,55059,55,0.35,0.25,0.46,1308
3088,Milwaukee County WI,55079,55,0.6,0.5,0.85,9096
3099,Racine County WI,55101,55,0.49,0.37,0.65,1952
3101,Rock County WI,55105,55,0.36,0.32,0.53,724
3112,Walworth County WI,55127,55,0.58,0.4,0.7,456
3115,Waukesha County WI,55133,55,0.2,0.15,0.24,842
3118,Winnebago County WI,55139,55,1.79,1.37,2.09,457
